NM_001033149.3,212.8,74.3,316.7,4.274,2.1,0.32,6.64,3.1e-11,1.2e-06,0,0,100.5,76.8,45.6,261.9,310.5,327.7,366.7
NM_001033177.2,50.5,13.4,78.3,5.828,2.5,0.41,6.22,4.8e-10,1.9e-05,0,0,20.3,10.1,9.8,78.9,66.4,72,96.1
NM_001033954.3,671.3,144.4,1066.4,7.395,2.9,0.27,10.76,5.4e-27,2.1e-22,0,0,190.9,146.1,96.1,1006.4,1229.6,1144.9,884.8
NM_001037859.2,203.7,116.4,269.1,2.323,1.2,0.22,5.54,3.1e-08,1.2e-03,0,0,91.3,148.7,109.2,274.5,296.6,244.1,261.4
NM_001037877.4,122.2,0,213.8,1184.784,10.2,1.34,7.64,2.2e-14,8.7e-10,0,0,0,0,0,302.9,85,162.6,304.8
NM_001039353.2,96.6,0,169.1,9322984.09,23.2,3.27,7.09,1.4e-12,5.5e-08,0,0,0,0,0,0,457.2,219.3,0
NM_001040131.2,557.5,0,975.6,5405.949,12.4,1.24,9.98,1.9e-23,7.4e-19,0,0,0,0,0,1150.5,563.8,1357.1,831.2
NM_001081421.2,374,637.1,176.7,0.279,-1.8,0.32,-5.75,8.7e-09,3.5e-04,0,0,489.7,728.2,693.4,143,140.6,269,154.2
NM_001101561.2,1027.1,816.9,1184.8,1.451,0.5,0.1,5.26,1.5e-07,5.8e-03,0,0,856.7,771,822.9,1216.7,1070.5,1154.4,1297.6
NM_001109971.1,21.6,0,37.7,209.018,7.7,1.49,5.17,2.3e-07,9.2e-03,0,0,0,0,0,9.5,44.8,52.3,44.3
NM_001110500.1,37.4,87.4,0,0.002,-8.9,1.41,-6.3,3.0e-10,1.2e-05,0,0,152.2,78.1,31.8,0,0,0,0
NM_001142809.1,195.8,0,342.6,18480674.066,24.1,3.68,6.56,5.3e-11,2.1e-06,0,0,0,0,0,0,959.3,0,411
NM_001159329.1,14,0,24.6,136.717,7.1,1.37,5.18,2.3e-07,9.0e-03,0,0,0,0,0,18.9,17,23.6,38.8
NM_001163401.1,1822.5,2611.6,1230.7,0.472,-1.1,0.21,-5.14,2.8e-07,1.1e-02,0,0,2186.5,2821.9,2826.4,1057.9,1172.4,1635.1,1057.5
NM_001164708.1,78.9,35.9,111.2,3.161,1.7,0.28,5.99,2.1e-09,8.5e-05,0,0,30.4,47.9,29.3,120.9,97.3,114.7,111.8
NM_001190461.1,359.7,166.8,504.5,3.04,1.6,0.25,6.5,8.1e-11,3.2e-06,0,0,167.8,191.5,141,420.6,426.3,673.2,497.8
NM_001206368.1,5158.4,9219.2,2112.8,0.229,-2.1,0.32,-6.74,1.6e-11,6.5e-07,0,0,9057.5,5152.6,13447.6,1993.8,2284.6,2339.5,1833.3
NM_001206684.1,28.3,7.6,43.9,5.971,2.6,0.49,5.27,1.3e-07,5.3e-03,0,0,7.4,11.3,4.1,46.3,47.9,35.1,46.2
NM_001252600.1,157.9,0,276.3,15024195.953,23.8,3.68,6.48,9.1e-11,3.6e-06,0,0,0,0,0,0,835.7,269.6,0
NM_001289673.2,1144.5,1414.7,941.7,0.667,-0.6,0.1,-5.75,8.9e-09,3.5e-04,0,0,1268.9,1574.7,1400.6,912.8,937.6,950.4,966.1
NM_001289785.1,1716.4,970.1,2276.1,2.346,1.2,0.19,6.4,1.6e-10,6.4e-06,0,0,1214.5,920.9,774.8,1923.4,2468.4,2428.7,2284
NM_001290486.2,395.1,590,248.9,0.423,-1.2,0.19,-6.64,3.2e-11,1.3e-06,0,0,512.7,563.1,694.2,270.3,213.2,283,229
NM_001290992.1,14.2,0,24.8,138.208,7.1,1.31,5.44,5.2e-08,2.1e-03,0,0,0,0,0,21,21.6,32.5,24
NM_001302467.1,56.9,132.9,0,0.001,-9.5,1.25,-7.59,3.1e-14,1.2e-09,0,0,135.6,64.2,198.8,0,0,0,0
NM_001303423.1,26.1,6.7,40.6,6.184,2.6,0.5,5.28,1.3e-07,5.2e-03,0,0,9.2,7.6,3.3,42.1,46.3,38.2,36
NM_001357168.1,26.2,0,45.8,254.543,8,1.38,5.78,7.3e-09,2.9e-04,0,0,0,0,0,72.6,23.2,56.1,31.4
NM_001359870.1,18.6,43.4,0,0.004,-7.9,1.27,-6.22,4.9e-10,1.9e-05,0,0,55.3,30.2,44.8,0,0,0,0
NM_001360073.1,19.5,0,34.1,188.402,7.6,1.26,5.99,2.0e-09,8.1e-05,0,0,0,0,0,30.5,38.6,37.6,29.6
NM_001368684.1,48.2,112.6,0,0.002,-9.3,1.15,-8.07,6.9e-16,2.7e-11,0,0,77.5,134.8,125.5,0,0,0,0
NM_001408717.1,50.6,0,88.6,489.364,8.9,1.5,5.97,2.4e-09,9.4e-05,0,0,0,0,0,126.2,159.1,43.3,25.9
NM_001409751.1,28.9,67.4,0,0.003,-8.5,1.13,-7.58,3.4e-14,1.3e-09,0,0,67.3,68,66.8,0,0,0,0
NM_001413143.1,646.9,269.2,930.2,3.456,1.8,0.31,5.86,4.6e-09,1.8e-04,0,0,384.5,240.6,182.5,1070.5,726,861.2,1063
NM_001420130.1,24.7,0,43.2,239.189,7.9,1.45,5.45,4.9e-08,1.9e-03,0,0,0,0,0,71.5,27.8,17.2,56.3
NM_001420804.1,121.1,177.9,78.4,0.438,-1.2,0.23,-5.2,2.0e-07,7.8e-03,0,0,198.3,142.4,193.1,91.5,78.8,73.3,70.2
NM_001420874.1,104.1,0,182.1,10041947.488,23.3,3.68,6.32,2.6e-10,1.0e-05,0,0,0,0,0,0,383.1,0,345.4
NM_001426699.1,115.4,0,201.9,11077698.022,23.4,3.68,6.36,2.0e-10,7.9e-06,0,0,0,0,0,351.2,0,456.4,0
NM_007483.3,892.3,715.4,1025,1.434,0.5,0.1,5.43,5.6e-08,2.2e-03,0,0,756.2,671.5,718.6,992.7,946.9,1080.5,1079.7
NM_007664.5,286,142.8,393.4,2.762,1.5,0.24,6.14,8.4e-10,3.3e-05,0,0,139.2,175.1,114.1,436.4,427.9,300.2,409.1
NM_007823.3,88.2,168.2,28.2,0.167,-2.6,0.5,-5.14,2.7e-07,1.1e-02,0,0,220.4,114.6,169.5,27.3,38.6,35.7,11.1
NM_007993.2,5389.4,7704.4,3653.2,0.474,-1.1,0.12,-9.02,1.8e-19,7.2e-15,0,0,7605.1,7623,7885.2,3176.9,3471,4269.7,3695.2
NM_008489.2,2574.3,3815.9,1643.1,0.431,-1.2,0.22,-5.49,3.9e-08,1.6e-03,0,0,3959.8,3241.4,4246.5,1376.6,1431.9,2252.1,1511.9
NM_008549.2,1024,1344.6,783.5,0.582,-0.8,0.09,-8.84,9.5e-19,3.8e-14,0,0,1296.6,1278.7,1458.4,743.5,818.7,792.4,779.5
NM_008788.2,5973.2,7819.2,4588.7,0.587,-0.8,0.13,-6.06,1.3e-09,5.3e-05,0,0,7174.4,8024.9,8258.4,4650.2,3880.3,5238.6,4585.6
NM_008855.2,21.6,4.2,34.7,8.196,3,0.59,5.13,2.9e-07,1.2e-02,0,0,5.5,3.8,3.3,35.8,43.3,22.9,36.9
NM_008964.4,44.3,16.3,65.3,4.087,2,0.38,5.28,1.3e-07,5.2e-03,0,0,15.7,20.2,13,61,51,62.5,86.8
NM_009026.5,67.6,116,31.2,0.272,-1.9,0.29,-6.42,1.3e-10,5.4e-06,0,0,132.8,113.4,101.8,25.2,32.4,39.5,27.7
NM_009035.5,18,41.9,0,0.004,-7.8,1.51,-5.19,2.1e-07,8.3e-03,0,0,23.1,25.2,77.4,0,0,0,0
NM_009598.3,899.7,1492.5,455,0.305,-1.7,0.32,-5.38,7.3e-08,2.9e-03,0,0,1640.5,1104.8,1732.2,342.8,531.4,629.2,316.8
NM_009760.4,277.9,134,385.8,2.896,1.5,0.29,5.32,1.0e-07,4.0e-03,0,0,129.1,177.6,95.3,430.1,335.2,462.8,314.9
NM_009780.2,7597.2,12941.4,3589.2,0.277,-1.9,0.35,-5.26,1.4e-07,5.7e-03,0,0,16519.7,9079.3,13225.2,2203.1,4433.3,5027,2693.2
NM_010104.4,91.7,163.1,38.3,0.233,-2.1,0.38,-5.51,3.7e-08,1.5e-03,0,0,202,107.1,180.1,46.3,43.3,39.5,24
NM_010441.3,44.3,11,69.3,6.307,2.7,0.4,6.71,1.9e-11,7.6e-07,0,0,15.7,10.1,7.3,81,61.8,66.9,67.4
NM_010560.3,977.5,1289,744,0.577,-0.8,0.13,-6.33,2.4e-10,9.5e-06,0,0,1336.2,1310.2,1220.5,628.9,823.3,794.9,728.7
NM_010809.3,1028.1,1527.6,653.5,0.428,-1.2,0.24,-5.17,2.3e-07,9.2e-03,0,0,1220.9,1462.6,1899.2,512.1,664.2,828.1,609.6
NM_010930.5,359.3,542.6,221.9,0.408,-1.3,0.22,-5.8,6.7e-09,2.7e-04,0,0,545.9,405.7,676.2,218.7,228.6,243.5,196.7
NM_011049.6,226.9,0,397,12953470.475,23.6,3.68,6.42,1.3e-10,5.3e-06,0,0,0,0,0,750.8,837.2,0,0
NM_011141.2,137.6,208.6,84.3,0.405,-1.3,0.24,-5.4,6.7e-08,2.6e-03,0,0,197.3,249.4,179.2,66.3,94.2,96.3,80.4
NM_011401.5,115.4,54.8,160.8,2.951,1.6,0.26,6.04,1.5e-09,5.9e-05,0,0,46.1,69.3,48.9,151.4,194.6,138.3,158.9
NM_011595.2,7072.1,4134.8,9275.1,2.243,1.2,0.2,5.9,3.6e-09,1.4e-04,0,0,4199.5,4779.7,3425.2,8893.4,9588,7209,11409.9
NM_011693.3,357.5,244.3,442.5,1.815,0.9,0.17,5.1,3.3e-07,1.3e-02,0,0,259.1,226.8,246.9,409.1,372.3,472.4,516.3
NM_011782.2,220.4,371.1,107.3,0.288,-1.8,0.27,-6.78,1.2e-11,5.0e-07,0,0,360.6,283.5,469.3,103.1,126.7,115.4,84
NM_011843.2,986.7,1339.6,722,0.54,-0.9,0.16,-5.49,3.9e-08,1.6e-03,0,0,1339,1360.6,1319.1,601.5,701.3,898.2,687.1
NM_013655.4,167.1,106.7,212.3,1.998,1,0.17,5.94,2.8e-09,1.1e-04,0,0,118,110.9,91.3,207.2,208.5,206.5,227.2
NM_013865.2,14.6,33.9,0,0.005,-7.5,1.41,-5.33,9.7e-08,3.8e-03,0,0,20.3,30.2,51.3,0,0,0,0
NM_015774.3,377,173.9,529.3,3.062,1.6,0.19,8.45,3.0e-17,1.2e-12,0,0,179.8,211.6,130.4,510,528.3,545,533.8
NM_019389.2,48.1,112.2,0,0.002,-9.3,1.35,-6.89,5.7e-12,2.3e-07,0,0,51.6,200.3,84.7,0,0,0,0
NM_021385.2,20.9,0,36.5,202.072,7.7,1.33,5.77,8.1e-09,3.2e-04,0,0,0,0,0,54.7,29.3,24.2,37.9
NM_022004.6,1240.8,1848.9,784.8,0.425,-1.2,0.17,-7.46,8.7e-14,3.5e-09,0,0,1772.4,1717.1,2057.3,745.6,685.9,975.3,732.4
NM_022315.2,811.9,1213.5,510.7,0.421,-1.2,0.21,-5.92,3.1e-09,1.3e-04,0,0,1260.6,1019.2,1360.6,574.2,508.2,585.2,375
NM_022814.2,2338.9,4038.2,1064.4,0.264,-1.9,0.3,-6.31,2.9e-10,1.1e-05,0,0,4824.8,3328.4,3961.4,736.1,990.2,1631.9,899.6
NM_023149.3,525.8,764.9,346.6,0.455,-1.1,0.15,-7.52,5.4e-14,2.2e-09,0,0,776.5,731.9,786.2,344.9,292,415,334.3
NM_023734.3,173.9,257.1,111.6,0.435,-1.2,0.18,-6.58,4.7e-11,1.9e-06,0,0,275.7,265.8,229.8,132.5,97.3,106.5,109.9
NM_025483.4,16.9,39.4,0,0.005,-7.8,1.21,-6.41,1.5e-10,5.9e-06,0,0,38.7,37.8,41.6,0,0,0,0
NM_026242.3,1381.3,1149.2,1555.4,1.352,0.4,0.07,6.14,8.0e-10,3.2e-05,0,0,1173,1080.9,1193.6,1606.9,1493.7,1529.9,1591.3
NM_026931.3,456.1,245.5,614.1,2.509,1.3,0.2,6.61,3.9e-11,1.6e-06,0,0,198.3,289.8,248.5,615.2,600.9,724.1,516.3
NM_028133.2,386.8,103.5,599.2,5.81,2.5,0.43,5.96,2.5e-09,9.9e-05,0,0,121.7,144.9,44,606.8,622.5,441.8,725.9
NM_028179.1,227.6,149.2,286.4,1.925,0.9,0.14,6.76,1.4e-11,5.6e-07,0,0,151.2,156.2,140.1,310.2,270.3,268.4,296.5
NM_028469.4,26.5,0,46.3,257.204,8,1.51,5.32,1.1e-07,4.2e-03,0,0,0,0,0,81,12.4,58.6,33.2
NM_028643.4,95.1,0,166.4,3159995.362,21.6,3.3,6.54,6.1e-11,2.4e-06,0,0,0,0,0,336.5,329,0,0
NM_028820.2,245.9,176,298.4,1.693,0.8,0.15,5.12,3.1e-07,1.2e-02,0,0,188.1,180.2,159.7,269.2,330.6,286.2,307.6
NM_028977.1,482.5,787.2,253.9,0.322,-1.6,0.29,-5.65,1.6e-08,6.4e-04,0,0,777.4,653.8,930.5,180.9,316.7,320.6,197.6
NM_029751.4,13784.3,11395.2,15576.1,1.367,0.5,0.09,5.24,1.6e-07,6.6e-03,0,0,10628.9,10958.9,12597.8,15604.8,15939.9,16102.7,14657.2
NM_029999.4,888.7,1065.3,756.3,0.71,-0.5,0.1,-5.19,2.1e-07,8.3e-03,0,0,1081.7,1085.9,1028.2,727.7,795.5,812.1,689.9
NM_030206.5,3153.1,4443.7,2185.1,0.492,-1,0.11,-9.39,6.2e-21,2.5e-16,0,0,4993.5,3933.1,4404.6,2239.9,2069.9,2312.7,2117.8
NM_031176.2,2639.4,4477.3,1260.9,0.282,-1.8,0.35,-5.25,1.6e-07,6.2e-03,0,0,4748.2,4356.4,4327.2,797.1,1232.7,2104.2,909.7
NM_054042.2,3604.1,5039.5,2527.6,0.502,-1,0.17,-5.78,7.3e-09,2.9e-04,0,0,5284,4079.2,5755.4,2181,2436,2983.9,2509.4
NM_133982.1,252.9,108.5,361.2,3.331,1.7,0.34,5.14,2.8e-07,1.1e-02,0,0,158.6,100.8,66,385.9,346,299,413.8
NM_145619.3,585.1,680.8,513.4,0.755,-0.4,0.08,-5.3,1.2e-07,4.6e-03,0,0,660.3,699.2,682.8,519.5,512.8,517,504.3
NM_153112.3,930.1,341.3,1371.7,4.026,2,0.23,8.58,9.3e-18,3.7e-13,0,0,338.4,415.7,269.7,1404.9,1418,1018,1645.8
NM_172471.2,919.6,1568.6,433,0.276,-1.9,0.19,-9.95,2.5e-23,1.0e-18,0,0,1680.2,1322.8,1702.8,366,427.9,536.1,401.8
NM_173385.3,1827.3,2935.5,996.2,0.34,-1.6,0.29,-5.38,7.4e-08,3.0e-03,0,0,2858.7,2151.7,3796,829.7,790.9,1407.5,956.8
NM_176933.5,231.4,94.6,334,3.549,1.8,0.18,10.19,2.2e-24,8.6e-20,0,0,83,109.6,91.3,336.5,332.1,295.1,372.2
NM_181318.4,43.6,10.1,68.7,6.953,2.8,0.42,6.67,2.5e-11,9.9e-07,0,0,7.4,13.9,9,58.9,80.3,56.1,79.4
NM_201385.2,199.8,0,349.6,18843140.14,24.2,3.68,6.57,5.0e-11,2.0e-06,0,0,0,0,0,990.6,0,408,0
NR_126509.1,55.2,0,96.6,532.649,9.1,1.4,6.45,1.1e-10,4.4e-06,0,0,0,0,0,118.8,169.9,40.2,57.3
NR_131140.1,62.7,19.1,95.4,5.116,2.4,0.39,5.97,2.3e-09,9.3e-05,0,0,12.9,29,15.5,77.8,97.3,117.9,88.7
NR_153363.1,24.7,0,43.2,237.949,7.9,1.29,6.11,9.8e-10,3.9e-05,0,0,0,0,0,37.9,55.6,28.7,50.8
NR_176853.1,41.1,6.1,67.3,11.032,3.5,0.63,5.5,3.9e-08,1.5e-03,0,0,11.1,3.8,3.3,50.5,80.3,45.3,93.3
NR_185236.1,98.1,0,171.7,9473226.161,23.2,3.68,6.3,3.0e-10,1.2e-05,0,0,0,0,0,0,264.1,422.6,0
XM_006518017.4,30.8,71.8,0,0.003,-8.6,1.17,-7.35,2.0e-13,8.0e-09,0,0,63.6,93.2,58.7,0,0,0,0
XM_006518821.4,63.1,29.5,88.4,3.042,1.6,0.3,5.38,7.3e-08,2.9e-03,0,0,28.6,37.8,22,76.8,95.8,84.8,96.1
XM_006520664.5,98.5,0,172.4,9527065.086,23.2,3.68,6.3,2.9e-10,1.2e-05,0,0,0,0,0,124.1,0,565.4,0
XM_006524082.5,215.6,338.7,123.3,0.367,-1.4,0.28,-5.09,3.5e-07,1.4e-02,0,0,339.4,354,322.6,99.9,98.9,181.7,112.7
XM_006525014.2,2378.3,3649.3,1425.1,0.391,-1.4,0.2,-6.89,5.6e-12,2.2e-07,0,0,3542,2999.6,4406.2,1252.5,1274.4,1767.7,1405.7
XM_006525579.4,20.2,47.1,0,0.004,-8,1.19,-6.76,1.4e-11,5.5e-07,0,0,50.7,41.6,48.9,0,0,0,0
XM_006525580.4,22.9,0,40,222.075,7.8,1.33,5.86,4.5e-09,1.8e-04,0,0,0,0,0,25.2,44.8,58.6,31.4
XM_006529845.4,347.8,557.9,190.2,0.342,-1.5,0.28,-5.56,2.8e-08,1.1e-03,0,0,577.3,525.3,571.1,126.2,193.1,267.1,174.6
XM_006534961.5,21.3,49.6,0,0.004,-8.1,1.5,-5.39,6.9e-08,2.8e-03,0,0,43.3,86.9,18.7,0,0,0,0
XM_006537831.4,138.9,22.7,226,10.129,3.3,0.49,6.81,9.8e-12,3.9e-07,0,0,26.7,34,7.3,251.3,185.4,214.2,253.1
XM_011242710.2,31.5,73.5,0,0.002,-8.7,1.12,-7.76,8.7e-15,3.5e-10,0,0,73.8,71.8,75,0,0,0,0
XM_011246234.2,986.3,1283.6,763.4,0.595,-0.7,0.12,-6.4,1.6e-10,6.2e-06,0,0,1283.7,1341.7,1225.4,658.3,841.9,810.8,742.6
XM_017312966.3,43.8,0,76.7,423.844,8.7,1.26,6.91,4.7e-12,1.9e-07,0,0,0,0,0,95.7,71.1,50.4,89.6
XM_017318618.2,72.2,27.2,106,3.905,2,0.35,5.68,1.3e-08,5.4e-04,0,0,36,25.2,20.4,138.8,91.1,94.3,99.7
XM_036154294.1,22.3,52.1,0,0.003,-8.2,1.22,-6.7,2.0e-11,8.0e-07,0,0,45.2,68,43.2,0,0,0,0
XM_036155048.1,189,274.1,125.1,0.453,-1.1,0.2,-5.68,1.4e-08,5.5e-04,0,0,292.3,220.5,309.6,120.9,143.7,123,112.7
XM_036157991.1,92,143.2,53.5,0.371,-1.4,0.25,-5.67,1.4e-08,5.7e-04,0,0,118,139.8,171.9,52.6,61.8,53.5,46.2
XM_036159113.1,758.6,1344.5,319.2,0.238,-2.1,0.36,-5.77,8.0e-09,3.2e-04,0,0,1407.2,1311.4,1315,200.9,307.4,532.9,235.5
XM_036166103.1,293.6,118,425.2,3.622,1.9,0.22,8.33,8.4e-17,3.3e-12,0,0,116.2,144.9,92.9,462.7,449.5,343.6,445.2
XR_001783751.3,94.2,36.1,137.8,3.814,1.9,0.37,5.22,1.8e-07,7.2e-03,0,0,45.2,37.8,25.3,159.8,176.1,96.9,118.2
XR_003954276.2,12.8,0,22.4,122.748,6.9,1.33,5.22,1.8e-07,7.2e-03,0,0,0,0,0,26.3,27.8,15.9,19.4
XR_004937027.1,987.2,1628.9,505.9,0.311,-1.7,0.32,-5.21,1.9e-07,7.4e-03,0,0,2038.9,1001.5,1846.2,398.6,483.5,699.9,441.5
name,baseMean,baseMeanA,baseMeanB,foldChange,log2FoldChange,lfcSE,stat,PValue,PAdj,FDR,falsePos,control_1,control_2,control_3,knockdown_1,knockdown_2,knockdown_3,knockdown_4
NM_001083905.1,11.1,26,0,0.007,-7.2,1.65,-4.34,1.4e-05,5.6e-01,0.001,0,44.3,23.9,9.8,0,0,0,0
NM_001347168.1,2488.5,3324,1861.8,0.56,-0.8,0.19,-4.34,1.4e-05,5.7e-01,0.001,0,3793.8,2651.9,3526.3,1826.6,1671.4,2308.2,1641.2
NM_008512.2,5925.8,7662.3,4623.4,0.603,-0.7,0.17,-4.34,1.4e-05,5.6e-01,0.001,0,8260.8,7551.2,7174.8,3775.3,5794.2,4679.5,4244.8
NM_009302.4,76.4,107.1,53.5,0.491,-1,0.24,-4.36,1.3e-05,5.1e-01,0.001,0,107.9,94.5,119,50.5,64.9,50.4,48
NM_010142.4,278.8,406.3,183.2,0.454,-1.1,0.26,-4.33,1.5e-05,5.8e-01,0.001,0,405.8,466.1,347.1,152.5,160.6,256.3,163.5
NM_010440.3,141.9,207.4,92.7,0.444,-1.2,0.27,-4.34,1.4e-05,5.6e-01,0.001,0,222.2,233.1,167,114.6,105,77.1,73.9
NM_029620.2,502,793,283.7,0.358,-1.5,0.34,-4.34,1.4e-05,5.6e-01,0.001,0,920.3,487.5,971.2,282.9,197.7,384.4,269.7
NM_030719.3,103.4,142.9,73.8,0.521,-0.9,0.22,-4.36,1.3e-05,5.2e-01,0.001,0,153.1,143.6,132,87.3,57.2,75.9,74.8
NM_145406.2,19.1,44.5,0,0.004,-7.9,1.82,-4.35,1.4e-05,5.5e-01,0.001,0,14.8,105.8,13,0,0,0,0
NR_184688.1,113094.4,85609.5,133708,1.562,0.6,0.15,4.36,1.3e-05,5.1e-01,0.001,0,97438.8,88623.9,70765.8,124446.2,154418.6,126496.3,129471
XM_011250452.2,509.8,603.3,439.6,0.727,-0.5,0.11,-4.36,1.3e-05,5.0e-01,0.001,0,581,577,651.8,405.9,468,440.5,444.2
XM_036155650.1,182.4,235.8,142.3,0.604,-0.7,0.17,-4.35,1.4e-05,5.4e-01,0.001,0,225.9,246.9,234.7,124.1,157.6,158.1,129.3
XR_004936376.1,91.4,48,123.9,2.58,1.4,0.31,4.36,1.3e-05,5.1e-01,0.001,0,38.7,58,47.3,127.2,151.4,86.7,130.2
NM_001426307.1,141.1,229,75.2,0.33,-1.6,0.37,-4.32,1.6e-05,6.1e-01,0.0011,0,206.6,178.9,301.5,84.1,60.2,105.8,50.8
NM_011653.2,5410.6,6652,4479.6,0.674,-0.6,0.13,-4.31,1.6e-05,6.4e-01,0.0011,0,5640,7207.3,7108.8,4281.1,4010.1,4790.5,4836.8
NM_027450.3,768.7,1034.3,569.4,0.552,-0.9,0.2,-4.33,1.5e-05,5.9e-01,0.0011,0,859.5,1253.5,989.9,520.5,506.7,693.5,556.9
NM_031170.2,814.7,387.6,1135,2.931,1.6,0.36,4.32,1.5e-05,6.0e-01,0.0011,0,516.4,437.1,209.4,1361.8,790.9,1091.3,1295.8
NM_177614.3,968.9,1190.9,802.4,0.675,-0.6,0.13,-4.31,1.6e-05,6.4e-01,0.0011,0,1276.3,1242.2,1054.3,735.1,800.2,914.1,760.1
NM_181415.4,125.4,171.2,91.2,0.539,-0.9,0.21,-4.32,1.6e-05,6.3e-01,0.0011,0,171.5,167.6,174.4,102,68,103.3,91.4
NM_182927.3,145,81.6,192.5,2.362,1.2,0.29,4.31,1.6e-05,6.4e-01,0.0011,0,68.2,103.3,73.3,226.1,222.4,142.2,179.2
NR_002870.2,87.9,146.1,44.4,0.3,-1.7,0.4,-4.31,1.6e-05,6.5e-01,0.0011,0,110.7,113.4,214.3,52.6,54.1,40.2,30.5
NM_001267717.1,333.5,126.2,488.9,3.88,2,0.46,4.29,1.8e-05,7.1e-01,0.0012,0,83.9,167.6,127.1,761.4,367.6,253.1,573.5
NM_019444.2,262.9,374.8,179.1,0.48,-1.1,0.25,-4.3,1.7e-05,6.7e-01,0.0012,0,414.1,292.3,418,156.7,142.1,216.1,201.3
NR_028278.1,208.3,331.2,116,0.349,-1.5,0.35,-4.3,1.7e-05,6.8e-01,0.0012,0,367.9,249.4,376.4,101,160.6,133.2,69.3
XM_030244638.1,60.2,23.5,87.6,3.771,1.9,0.45,4.3,1.7e-05,6.8e-01,0.0012,0,31.4,27.7,11.4,78.9,77.2,79,115.4
XR_873148.2,54.5,26.6,75.3,2.83,1.5,0.35,4.29,1.8e-05,7.0e-01,0.0012,0,35,25.2,19.6,61,91.1,81,68.3
NM_001039151.1,710.8,545.7,834.7,1.535,0.6,0.14,4.28,1.9e-05,7.4e-01,0.0013,0,551.5,607.2,478.3,769.8,756.9,874.6,937.4
NM_001177840.1,52.8,29.7,70.1,2.379,1.3,0.29,4.28,1.9e-05,7.5e-01,0.0013,0,32.3,34,22.8,79.9,69.5,64.4,66.5
XR_390385.3,68.9,101.4,44.6,0.446,-1.2,0.27,-4.28,1.9e-05,7.4e-01,0.0013,0,105.1,90.7,108.4,51.5,30.9,51.6,44.3
NM_001110146.1,191,128.1,238.1,1.847,0.9,0.21,4.25,2.1e-05,8.4e-01,0.0014,0,128.2,118.4,137.7,269.2,254.9,183.6,244.7
NM_001113549.1,1251.4,1632.8,965.3,0.591,-0.8,0.18,-4.25,2.2e-05,8.6e-01,0.0014,0,1776.1,1324,1798.2,849.7,912.9,935.8,1162.8
NM_029752.2,387.7,294.7,457.4,1.556,0.6,0.15,4.25,2.2e-05,8.5e-01,0.0014,0,293.2,309.9,281.1,499.5,393.9,422.6,513.5
NM_172463.5,2056.6,3339.4,1094.6,0.328,-1.6,0.38,-4.25,2.2e-05,8.6e-01,0.0014,0,3518.1,2520.8,3979.3,672,1745.5,1226.5,734.2
NM_175407.3,115.8,171,74.4,0.44,-1.2,0.28,-4.25,2.1e-05,8.3e-01,0.0014,0,144.8,172.6,195.5,69.4,60.2,100.7,67.4
NR_045629.1,81.7,37.4,114.9,3.102,1.6,0.38,4.24,2.2e-05,8.7e-01,0.0014,0,34.1,55.4,22.8,113.6,132.8,88.6,124.7
NM_007467.4,301.1,132.1,427.9,3.247,1.7,0.4,4.22,2.4e-05,9.5e-01,0.0015,0,188.1,148.7,59.5,374.4,389.3,485.1,462.7
NM_013507.3,674.7,1033.2,405.9,0.393,-1.3,0.32,-4.24,2.3e-05,9.0e-01,0.0015,0,720.2,1137.6,1241.7,303.9,421.7,320.6,577.2
NR_153383.1,51,18,75.7,4.234,2.1,0.49,4.23,2.4e-05,9.4e-01,0.0015,0,20.3,23.9,9.8,61,109.7,51.6,80.4
XM_006500591.3,24.1,7.8,36.3,4.881,2.3,0.54,4.23,2.3e-05,9.3e-01,0.0015,0,7.4,12.6,3.3,42.1,35.5,32.5,35.1
XM_030243873.2,464.3,272.1,608.6,2.237,1.2,0.27,4.23,2.4e-05,9.3e-01,0.0015,0,356,239.4,220.8,740.3,502,484.5,707.5
XR_004935503.1,223.7,357.5,123.2,0.342,-1.5,0.37,-4.22,2.4e-05,9.6e-01,0.0015,0,409.4,272.1,391.1,113.6,191.5,112.2,75.7
NM_001033238.1,245.8,157.8,311.9,1.969,1,0.23,4.22,2.4e-05,9.7e-01,0.0016,0,191.8,137.3,144.2,256.6,375.4,276.7,339
NM_001109909.1,72,0,126,698.031,9.4,2.24,4.22,2.5e-05,9.9e-01,0.0016,0,0,0,0,178.8,0,265.2,60
NM_001426015.1,65.9,0,115.2,638.566,9.3,2.21,4.22,2.5e-05,9.8e-01,0.0016,0,0,0,0,89.4,0,244.1,127.5
NM_009778.3,38869.4,61932.3,21572.2,0.348,-1.5,0.36,-4.22,2.5e-05,9.9e-01,0.0016,0,78481.8,46923.5,60391.5,12496.3,29236.7,29067.3,15488.4
NM_009896.2,307.3,461.2,191.9,0.417,-1.3,0.3,-4.2,2.6e-05,1.0e+00,0.0016,0,558.8,374.2,450.6,169.3,200.8,264.5,133
NM_026979.6,168.1,234.5,118.2,0.509,-1,0.23,-4.22,2.5e-05,9.8e-01,0.0016,0,210.3,254.5,238.7,111.5,100.4,154.9,106.2
XM_006504712.2,124.3,184.7,79,0.428,-1.2,0.29,-4.21,2.6e-05,1.0e+00,0.0016,0,225.9,167.6,160.5,65.2,88,100.7,61.9
NM_001409501.1,350.8,151.6,500.2,3.299,1.7,0.41,4.19,2.8e-05,1.0e+00,0.0017,0,260.1,103.3,91.3,531.1,412.4,531,526.4
NM_016873.2,459.4,634.9,327.9,0.518,-0.9,0.23,-4.19,2.8e-05,1.0e+00,0.0017,0,684.2,583.3,637.1,368.1,217.8,367.2,358.3
NM_018796.3,5497.5,4758.8,6051.5,1.272,0.3,0.08,4.19,2.8e-05,1.0e+00,0.0017,0,4456.8,4830,4989.6,6449.5,5636.6,5815.5,6304.3
NM_054041.2,878.6,1057.2,744.6,0.704,-0.5,0.12,-4.2,2.7e-05,1.0e+00,0.0017,0,1071.6,1004.1,1095.8,627.8,770.8,780.9,798.9
NM_009569.4,522.4,322,672.7,2.095,1.1,0.26,4.17,3.1e-05,1.0e+00,0.0019,1,339.4,408.2,218.4,713,602.4,596,779.5
XM_006523345.3,222.4,275.1,182.9,0.671,-0.6,0.14,-4.16,3.1e-05,1.0e+00,0.0019,1,258.2,297.3,269.7,179.8,165.3,194.4,192.1
XR_004936897.1,63.9,0,111.9,619.404,9.3,2.23,4.16,3.2e-05,1.0e+00,0.0019,1,0,0,0,0,154.5,124.9,168.1
NM_001271419.1,5191.8,8785.1,2496.7,0.284,-1.8,0.44,-4.15,3.3e-05,1.0e+00,0.002,1,10631.6,5975.2,9748.6,1508,2022,4682.7,1774.2
NM_001302471.1,50,18.4,73.7,4.059,2,0.49,4.15,3.3e-05,1.0e+00,0.002,1,12.9,30.2,12.2,76.8,85,47.8,85
NM_001346666.1,40.8,16.6,59,3.578,1.8,0.44,4.14,3.4e-05,1.0e+00,0.002,1,9.2,20.2,20.4,44.2,55.6,59.3,76.7
NM_008827.3,186,80.9,264.7,3.284,1.7,0.41,4.15,3.4e-05,1.0e+00,0.002,1,59,126,57.8,204,372.3,202.7,279.8
NM_010137.3,418.1,637.9,253.3,0.397,-1.3,0.32,-4.15,3.3e-05,1.0e+00,0.002,1,789.4,558.1,566.3,164.1,332.1,314.9,202.3
NM_020010.2,247.3,162.2,311.1,1.932,1,0.23,4.14,3.4e-05,1.0e+00,0.002,1,138.3,215.4,132.8,326,276.5,325.1,316.8
NM_001037762.1,164.4,122.4,195.9,1.61,0.7,0.17,4.14,3.5e-05,1.0e+00,0.0021,1,122.6,138.6,105.9,192.4,197.7,186.8,206.9
NM_001162942.1,225.1,299.4,169.3,0.567,-0.8,0.2,-4.14,3.5e-05,1.0e+00,0.0021,1,332,239.4,326.7,165.1,145.2,184.2,182.9
NM_001363135.1,39.5,15,57.8,3.818,1.9,0.47,4.13,3.6e-05,1.0e+00,0.0021,1,12,15.1,17.9,48.4,69.5,35.7,77.6
NM_001421607.1,54,0,94.5,523.673,9,2.18,4.14,3.5e-05,1.0e+00,0.0021,1,0,0,0,98.9,0,143.4,135.8
NM_025817.4,66.6,95.6,44.9,0.471,-1.1,0.26,-4.13,3.6e-05,1.0e+00,0.0021,1,78.4,103.3,105.1,40,47.9,51,40.6
NR_157095.1,39.3,19.7,54,2.71,1.4,0.35,4.13,3.6e-05,1.0e+00,0.0021,1,24,16.4,18.7,54.7,54.1,43.3,63.7
XR_003951412.1,667.1,837.4,539.5,0.644,-0.6,0.15,-4.14,3.5e-05,1.0e+00,0.0021,1,862.2,904.5,745.5,462.7,610.2,587.1,497.8
NM_001311060.2,41.8,73.7,17.8,0.241,-2.1,0.5,-4.12,3.8e-05,1.0e+00,0.0022,1,71.9,88.2,61.1,11.6,26.3,24.2,9.2
NM_008903.2,681.6,849.5,555.7,0.654,-0.6,0.15,-4.11,3.9e-05,1.0e+00,0.0022,1,827.2,723.1,998.1,537.4,519,574.3,592
NM_010216.3,1249.3,2069.6,634,0.306,-1.7,0.41,-4.12,3.8e-05,1.0e+00,0.0022,1,2669.7,1355.5,2183.6,389.1,735.3,997,414.7
NM_011780.3,96,137.8,64.6,0.469,-1.1,0.27,-4.11,3.9e-05,1.0e+00,0.0022,1,169.7,136.1,107.5,75.7,63.3,61.2,58.2
NM_019496.4,133.5,88.8,167.1,1.889,0.9,0.22,4.11,4.0e-05,1.0e+00,0.0022,1,83.9,105.8,76.6,160.9,176.1,140.9,190.3
XM_006512782.2,53.6,25.8,74.4,2.878,1.5,0.37,4.11,3.9e-05,1.0e+00,0.0022,1,34.1,18.9,24.4,82,51,77.1,87.7
XM_036166104.1,200.6,71.7,297.3,4.177,2.1,0.5,4.11,3.9e-05,1.0e+00,0.0022,1,55.3,124.7,35,254.5,217.8,283.7,433.2
NM_011636.3,324.2,232.4,393,1.687,0.8,0.18,4.11,4.0e-05,1.0e+00,0.0023,1,287.7,197.8,211.8,390.1,387.7,364.6,429.5
NM_026162.6,670.2,988,432,0.437,-1.2,0.29,-4.1,4.2e-05,1.0e+00,0.0023,1,1055.9,728.2,1179.8,302.9,492.8,561,371.3
NM_001282041.1,426.9,343.9,489.1,1.425,0.5,0.13,4.08,4.4e-05,1.0e+00,0.0024,1,369.8,349,312.9,502.7,455.7,463.4,534.8
NM_001403627.1,104.8,47.6,147.7,3.121,1.6,0.4,4.09,4.4e-05,1.0e+00,0.0024,1,54.4,63,25.3,128.3,197.7,124.3,140.4
NM_001417012.1,1178.5,1837.3,684.4,0.373,-1.4,0.35,-4.09,4.2e-05,1.0e+00,0.0024,1,1962.4,1486.6,2063,498.5,559.2,1144.9,534.8
NR_175407.1,62.9,0,110.2,609.589,9.3,2.26,4.09,4.4e-05,1.0e+00,0.0024,1,0,0,0,142,202.4,96.3,0
NM_001360202.1,119.3,175.1,77.5,0.445,-1.2,0.29,-4.08,4.5e-05,1.0e+00,0.0025,1,150.3,157.5,217.5,64.1,63.3,82.9,99.7
NM_011851.4,117.7,40.9,175.4,4.336,2.1,0.52,4.08,4.6e-05,1.0e+00,0.0025,1,19.4,75.6,27.7,140.9,199.3,151.7,209.7
NM_172731.3,199.9,270.2,147.1,0.549,-0.9,0.21,-4.08,4.6e-05,1.0e+00,0.0025,1,289.6,284.7,236.3,134.6,131.3,186.8,135.8
XM_030249459.1,393.5,626.6,218.7,0.351,-1.5,0.37,-4.08,4.5e-05,1.0e+00,0.0025,1,658.4,763.4,457.9,186.1,145.2,350.6,193
XM_030250745.2,313.9,399.2,250,0.625,-0.7,0.17,-4.07,4.6e-05,1.0e+00,0.0025,1,455.5,322.5,419.6,246.1,245.6,262.6,245.7
NM_001081103.2,85.4,4.2,146.3,36.451,5.2,1.28,4.07,4.8e-05,1.0e+00,0.0026,1,0,12.6,0,85.2,143.7,185.5,170.9
NM_007679.4,1285.7,1806.8,894.9,0.495,-1,0.25,-4.07,4.7e-05,1.0e+00,0.0026,1,2076.7,1194.3,2149.3,789.8,1045.8,944.1,799.8
NM_011075.2,218.1,93.8,311.3,3.32,1.7,0.43,4.07,4.8e-05,1.0e+00,0.0026,1,139.2,98.3,44,343.9,352.2,225,324.2
NM_053199.4,504.8,773.2,303.6,0.394,-1.3,0.33,-4.06,4.9e-05,1.0e+00,0.0026,1,675,787.4,857.1,233.5,211.6,481.9,287.2
NR_027887.1,78.4,50.4,99.4,1.975,1,0.24,4.06,4.9e-05,1.0e+00,0.0026,1,54.4,52.9,44,118.8,94.2,91.2,93.3
NM_134133.2,391.6,254.9,494.1,1.947,1,0.24,4.06,5.0e-05,1.0e+00,0.0027,1,202,314.9,247.7,530,369.2,534.2,543.1
NM_001405154.1,102,56.3,136.3,2.455,1.3,0.32,4.04,5.4e-05,1.0e+00,0.0028,1,45.2,75.6,48.1,115.7,108.1,160,161.6
NM_001418008.1,175.6,217.1,144.5,0.665,-0.6,0.15,-4.05,5.2e-05,1.0e+00,0.0028,1,220.4,200.3,230.6,132.5,146.7,149.2,149.6
NM_009752.2,11.5,0,20.1,111.328,6.8,1.68,4.04,5.3e-05,1.0e+00,0.0028,1,0,0,0,34.7,10.8,4.5,30.5
NM_010917.3,2655.4,3498.2,2023.2,0.579,-0.8,0.2,-4.04,5.2e-05,1.0e+00,0.0028,1,3094.8,3091.5,4308.4,1907.6,1685.3,2459.9,2040.2
NM_011694.7,758.4,632.1,853.1,1.352,0.4,0.11,4.05,5.2e-05,1.0e+00,0.0028,1,675,624.9,596.4,933.8,778.5,877.1,822.9
NM_016972.2,205.8,290.6,142.1,0.491,-1,0.25,-4.04,5.2e-05,1.0e+00,0.0028,1,338.4,225.5,308,161.9,108.1,166.4,132.1
NM_008390.2,84.3,157.1,29.8,0.189,-2.4,0.6,-4.03,5.7e-05,1.0e+00,0.0029,1,59.9,144.9,266.4,22.1,35.5,40.2,21.2
NM_011778.3,75.4,0,132,730.199,9.5,2.36,4.03,5.5e-05,1.0e+00,0.0029,1,0,0,0,195.6,275,0,57.3
NM_013691.3,753.8,1089.6,501.9,0.46,-1.1,0.28,-4.03,5.7e-05,1.0e+00,0.0029,1,1019,1087.2,1162.7,349.1,733.7,511.9,412.8
NM_023143.3,3786.7,5619.8,2411.9,0.429,-1.2,0.3,-4.03,5.5e-05,1.0e+00,0.0029,1,6986.3,3706.3,6166.9,1802.5,2848.4,3088.5,1908.1
XM_036154161.1,51.2,81.5,28.6,0.346,-1.5,0.38,-4.03,5.6e-05,1.0e+00,0.0029,1,101.4,70.5,72.5,20,40.2,31.9,22.2
NM_001277258.1,605.2,839,429.8,0.512,-1,0.24,-4.02,5.9e-05,1.0e+00,0.003,1,822.6,928.5,765.9,300.8,506.7,528.4,383.3
NM_011448.4,233.8,145.9,299.7,2.06,1,0.26,4.02,5.9e-05,1.0e+00,0.003,1,111.6,171.3,154.8,226.1,316.7,364,291.9
NM_025468.2,149.4,199.4,111.9,0.563,-0.8,0.21,-4.01,5.9e-05,1.0e+00,0.003,1,204.7,205.3,188.2,140.9,91.1,103.9,111.8
NR_002841.2,288.4,463.6,157,0.338,-1.6,0.39,-4.02,5.9e-05,1.0e+00,0.003,1,285.9,366.6,738.2,165.1,168.4,177.2,117.3
NM_010729.3,4834.1,6076.5,3902.2,0.643,-0.6,0.16,-4.01,6.1e-05,1.0e+00,0.0031,1,6275.3,6001.7,5952.6,3491.3,3200.6,4755.4,4161.6
NM_011945.3,35.6,12.3,53,4.226,2.1,0.52,4.01,6.1e-05,1.0e+00,0.0031,1,13.8,10.1,13,41,85,32.5,53.6
NM_130796.4,212.3,277,163.8,0.59,-0.8,0.19,-4.01,6.1e-05,1.0e+00,0.0031,1,301.5,239.4,290.1,172.5,152.9,139.6,190.3
NM_181796.2,2551.3,1961.5,2993.6,1.527,0.6,0.15,4,6.2e-05,1.0e+00,0.0031,1,1946.7,2006.9,1931,3468.2,2400.5,3304.6,2801.2
XM_030245499.1,35.2,18.3,47.9,2.637,1.4,0.35,4.01,6.0e-05,1.0e+00,0.0031,1,18.4,20.2,16.3,53.6,41.7,40.8,55.4
NM_013534.5,1161.7,1395.6,986.2,0.707,-0.5,0.13,-4,6.4e-05,1.0e+00,0.0032,1,1237.5,1540.7,1408.7,942.2,1078.2,1033.3,891.3
NM_030693.2,1491.8,1965.3,1136.7,0.579,-0.8,0.2,-4,6.4e-05,1.0e+00,0.0032,1,1860.9,1878.4,2156.7,1050.6,906.7,1490.4,1099.1
NM_001113420.1,25.7,11.2,36.5,3.303,1.7,0.43,3.99,6.6e-05,1.0e+00,0.0033,1,9.2,13.9,10.6,41,29.3,31.2,44.3
NM_008126.3,374,120.5,564.1,4.689,2.2,0.56,3.99,6.5e-05,1.0e+00,0.0033,1,190,139.8,31.8,485.8,444.9,653.4,672.4
NM_010358.5,904.6,1454,492.6,0.339,-1.6,0.39,-3.99,6.7e-05,1.0e+00,0.0033,1,1804.7,831.5,1725.7,485.8,434.1,738.2,312.2
NM_008133.4,617.5,715,544.4,0.76,-0.4,0.1,-3.98,6.9e-05,1.0e+00,0.0034,1,747,680.3,717.8,490,574.6,561.6,551.4
XM_030248341.2,42.7,5.5,70.6,12.614,3.7,0.92,3.98,6.8e-05,1.0e+00,0.0034,1,4.6,3.8,8.1,89.4,98.9,8.3,85.9
NM_008131.5,246.1,306.1,201,0.651,-0.6,0.16,-3.97,7.2e-05,1.0e+00,0.0035,1,321.8,268.3,328.3,195.6,230.2,192.5,185.6
NM_010684.3,2897.3,3481.9,2458.9,0.707,-0.5,0.13,-3.97,7.2e-05,1.0e+00,0.0035,1,3634.3,3531.2,3280.2,2611.1,2324.8,2795.9,2103.9
XM_001481239.6,33.4,52.6,19,0.359,-1.5,0.37,-3.97,7.2e-05,1.0e+00,0.0035,1,49.8,40.3,67.6,18.9,20.1,20.4,16.6
XM_030246022.2,9.6,22.3,0,0.008,-6.9,1.75,-3.97,7.1e-05,1.0e+00,0.0035,1,31.4,6.3,29.3,0,0,0,0
NM_001355005.1,1586.1,1335.9,1773.8,1.33,0.4,0.1,3.96,7.5e-05,1.0e+00,0.0036,1,1321.5,1346.7,1339.5,1859.2,1530.8,1926.4,1778.8
NM_001356995.1,1229.4,1516.6,1014,0.67,-0.6,0.15,-3.96,7.6e-05,1.0e+00,0.0036,1,1333.5,1641.5,1574.9,1016.9,855.8,1160.2,1023.3
NM_030094.1,31.3,14.6,43.9,3.041,1.6,0.41,3.96,7.5e-05,1.0e+00,0.0036,1,17.5,16.4,9.8,48.4,43.3,35.1,48.9
XM_036154688.1,57.8,0,101.1,559.89,9.1,2.31,3.96,7.5e-05,1.0e+00,0.0036,1,0,0,0,238.7,88,77.8,0
NM_001291075.1,47.8,0,83.7,463.322,8.9,2.24,3.95,7.9e-05,1.0e+00,0.0038,1,0,0,0,0,129.8,98.8,106.2
NM_019759.3,6051.7,10033.1,3065.7,0.306,-1.7,0.43,-3.95,7.9e-05,1.0e+00,0.0038,1,9901.3,6942.7,13255.3,1758.3,2738.8,5575.8,2189.8
NM_054077.4,2161.5,3091.9,1463.7,0.474,-1.1,0.27,-3.93,8.4e-05,1.0e+00,0.004,1,3325.3,3063.8,2886.7,1166.2,1251.2,2247.7,1189.6
NM_010090.2,43,64.4,27,0.426,-1.2,0.31,-3.93,8.6e-05,1.0e+00,0.0041,1,54.4,74.3,64.4,24.2,24.7,33.1,25.9
NM_080555.2,3844.2,6207.6,2071.7,0.334,-1.6,0.4,-3.93,8.6e-05,1.0e+00,0.0041,1,7187.4,3294.4,8141.1,1358.7,1835.1,3246.6,1846.2
NM_172665.5,77.2,52.9,95.5,1.808,0.9,0.22,3.93,8.6e-05,1.0e+00,0.0041,1,47,60.5,51.3,96.7,102,89.9,93.3
XM_030252279.2,14.8,26,6.5,0.247,-2,0.52,-3.92,8.8e-05,1.0e+00,0.0041,2,24.9,27.7,25.3,4.2,9.3,7,5.5
NM_001290481.1,226.5,300.8,170.8,0.569,-0.8,0.21,-3.92,8.9e-05,1.0e+00,0.0042,2,335.7,303.6,263.2,131.5,171.5,194.4,185.6
XR_004942509.1,169.7,232.2,122.9,0.526,-0.9,0.24,-3.92,8.9e-05,1.0e+00,0.0042,2,196.4,253.2,246.9,102,162.2,114.7,112.7
NM_001421028.1,50.5,0,88.4,489.415,8.9,2.29,3.91,9.3e-05,1.0e+00,0.0043,2,0,0,0,0,88,66.9,198.6
NM_172903.4,347.5,444.5,274.8,0.616,-0.7,0.18,-3.91,9.2e-05,1.0e+00,0.0043,2,508.1,438.4,387,274.5,319.8,274.1,230.9
NM_001160268.1,37.7,62.3,19.4,0.311,-1.7,0.43,-3.9,9.6e-05,1.0e+00,0.0045,2,56.3,44.1,86.4,26.3,15.4,19.1,16.6
NM_001424558.1,34.3,16.2,47.9,3.04,1.6,0.41,3.9,9.8e-05,1.0e+00,0.0045,2,12,22.7,13.9,40,40.2,54.2,57.3
XM_006540902.2,139.6,182.1,107.7,0.585,-0.8,0.2,-3.9,9.7e-05,1.0e+00,0.0045,2,197.3,162.5,186.6,103.1,131.3,103.9,92.4
NM_029653.3,276.6,406,179.5,0.441,-1.2,0.3,-3.89,9.9e-05,1.0e+00,0.0046,2,495.2,279.7,443.2,125.1,216.3,200.2,176.4
NM_175628.3,550.8,827.1,343.7,0.416,-1.3,0.33,-3.89,1.0e-04,1.0e+00,0.0046,2,664.9,618.6,1197.7,330.2,258,453.2,333.4
NM_178598.2,4580.6,3639.7,5286.2,1.453,0.5,0.14,3.89,1.0e-04,1.0e+00,0.0046,2,3204.5,4118.3,3596.3,4902.6,4695.9,5951.3,5595
NM_207215.2,489.8,628.5,385.8,0.615,-0.7,0.18,-3.89,1.0e-04,1.0e+00,0.0046,2,523.8,637.5,724.3,428,336.7,425.8,352.8
XM_036159057.1,69,102.1,44.2,0.429,-1.2,0.31,-3.89,1.0e-04,1.0e+00,0.0046,2,119,69.3,118.1,42.1,46.3,39.5,48.9
NM_001130479.2,649.2,803,533.8,0.665,-0.6,0.15,-3.88,1.0e-04,1.0e+00,0.0047,2,791.2,716.8,901.1,484.8,509.8,625.3,515.4
NM_001421041.1,39.2,0,68.6,380.18,8.6,2.21,3.88,1.0e-04,1.0e+00,0.0047,2,0,0,0,99.9,0,115.4,59.1
NM_008059.3,176.9,278.8,100.4,0.36,-1.5,0.38,-3.88,1.0e-04,1.0e+00,0.0047,2,202.9,215.4,418,94.6,103.5,130.7,73
NM_207225.2,61.2,0,107,592.25,9.2,2.37,3.88,1.0e-04,1.0e+00,0.0047,2,0,0,0,174.6,225.5,28,0
XM_006498504.2,73.5,134,28.1,0.208,-2.3,0.58,-3.88,1.0e-04,1.0e+00,0.0047,2,95,89.4,217.5,13.7,44.8,34.4,19.4
XM_011250228.3,68.4,19.4,105.1,5.496,2.5,0.63,3.88,1.0e-04,1.0e+00,0.0047,2,11.1,36.5,10.6,59.9,171.5,89.2,99.7
NM_001291114.1,603.5,485.2,692.2,1.429,0.5,0.13,3.87,1.1e-04,1.0e+00,0.0048,2,428.8,510.2,516.6,780.3,627.2,682.7,678.8
NM_001411151.1,324.5,234.2,392.4,1.675,0.7,0.19,3.87,1.1e-04,1.0e+00,0.0049,2,218.6,269.6,214.3,350.2,475.8,339.8,403.6
NM_011609.4,1940.8,2273.7,1691.2,0.744,-0.4,0.11,-3.87,1.1e-04,1.0e+00,0.0049,2,2571,2164.3,2085.8,1619.5,1781.1,1770.8,1593.2
XM_036159912.1,647.9,999.4,384.2,0.385,-1.4,0.36,-3.87,1.1e-04,1.0e+00,0.0049,2,989.5,798.7,1209.9,215.6,417.1,569.9,334.3
NM_010741.4,2353.4,4087.6,1052.8,0.258,-2,0.51,-3.86,1.1e-04,1.0e+00,0.005,2,4668.9,2697.2,4896.7,636.2,685.9,2189,700.1
NM_029575.3,1370.5,1771,1070,0.605,-0.7,0.19,-3.86,1.1e-04,1.0e+00,0.005,2,2015.9,1549.5,1747.7,937,926.8,1351.4,1064.9
NR_015536.1,315.8,213.5,392.6,1.848,0.9,0.23,3.86,1.1e-04,1.0e+00,0.005,2,202,277.2,161.3,438.5,359.9,366.5,405.5
NM_001037751.4,12,1.6,19.7,12.134,3.6,0.94,3.85,1.2e-04,1.0e+00,0.0052,2,0,2.5,2.4,28.4,15.4,12.7,22.2
XM_036156778.1,500.2,788,284.2,0.36,-1.5,0.38,-3.85,1.2e-04,1.0e+00,0.0052,2,1004.2,452.3,907.6,192.4,392.4,321.3,230.9
NM_001286223.1,43.1,0,75.4,417.392,8.7,2.27,3.84,1.2e-04,1.0e+00,0.0053,2,0,0,0,0,145.2,83.5,73
NM_152839.4,20.7,43.9,3.2,0.077,-3.7,0.96,-3.84,1.2e-04,1.0e+00,0.0054,2,71.9,15.1,44.8,2.1,0,5.1,5.5
NM_001404727.1,47.8,25.9,64.3,2.442,1.3,0.34,3.82,1.4e-04,1.0e+00,0.0059,2,27.7,21.4,28.5,71.5,75.7,47.2,62.8
NM_013692.4,164.9,101.9,212.2,2.072,1.1,0.28,3.82,1.4e-04,1.0e+00,0.0059,2,134.6,66.8,104.3,232.4,197.7,215.5,203.2
NR_038151.1,127.3,82,161.2,1.952,1,0.25,3.82,1.3e-04,1.0e+00,0.0059,2,95.9,71.8,78.2,175.6,177.6,119.8,171.8
NM_008626.3,719.6,848.7,622.7,0.731,-0.5,0.12,-3.81,1.4e-04,1.0e+00,0.006,2,912,822.6,811.5,607.8,687.4,550.1,645.6
NM_001166456.1,66.3,23.9,98.2,4.173,2.1,0.54,3.8,1.5e-04,1.0e+00,0.0063,3,20.3,41.6,9.8,74.7,128.2,85.4,104.4
NM_011322.4,263.3,352.8,196.2,0.558,-0.8,0.22,-3.8,1.5e-04,1.0e+00,0.0063,3,363.3,343.9,351.2,158.8,199.3,257.5,169
NM_001416725.1,41.3,0,72.3,400.449,8.6,2.28,3.79,1.5e-04,1.0e+00,0.0064,3,0,0,0,67.3,95.8,126.2,0
XM_017321300.1,21.3,8.6,30.8,3.578,1.8,0.48,3.79,1.5e-04,1.0e+00,0.0064,3,10.1,7.6,8.1,34.7,26.3,38.9,23.1
XM_036162156.1,221.2,178.3,253.5,1.416,0.5,0.13,3.79,1.5e-04,1.0e+00,0.0064,3,195.5,162.5,176.8,262.9,251.8,248,251.2
NM_001038589.2,60.9,26.2,87,3.275,1.7,0.45,3.78,1.5e-04,1.0e+00,0.0065,3,23.1,13.9,41.6,112.5,77.2,73.3,85
NM_001356969.1,8.6,20,0,0.009,-6.8,1.79,-3.79,1.5e-04,1.0e+00,0.0065,3,5.5,25.2,29.3,0,0,0,0
NM_001424495.1,61.1,37.8,78.6,2.09,1.1,0.28,3.78,1.6e-04,1.0e+00,0.0066,3,42.4,41.6,29.3,79.9,86.5,82.2,65.6
NM_008156.2,15.9,29.4,5.7,0.19,-2.4,0.63,-3.78,1.6e-04,1.0e+00,0.0066,3,33.2,17.6,37.5,5.3,7.7,7,2.8
NM_011290.5,8439,7559.3,9098.8,1.203,0.3,0.07,3.78,1.6e-04,1.0e+00,0.0066,3,7854.1,7018.3,7805.4,9497.1,8662.7,8921.2,9314.3
NM_030127.3,3190.1,4420.3,2267.4,0.513,-1,0.25,-3.78,1.6e-04,1.0e+00,0.0067,3,4320.3,4057.8,4882.8,1786.7,1853.7,3346.6,2082.7
NM_053086.3,81.9,191.1,0,0.001,-10,2.66,-3.77,1.6e-04,1.0e+00,0.0068,3,357.8,215.4,0,0,0,0,0
NM_145354.5,226.3,177.7,262.7,1.485,0.6,0.15,3.77,1.6e-04,1.0e+00,0.0068,3,167.8,201.6,163.8,250.3,259.5,251.8,289.1
XM_006519461.3,111.1,83.7,131.6,1.573,0.7,0.17,3.77,1.6e-04,1.0e+00,0.0068,3,83.9,85.7,81.5,131.5,137.5,136.4,121
NM_011777.4,48.3,0,84.5,467.67,8.9,2.36,3.77,1.7e-04,1.0e+00,0.0069,3,0,0,0,131.5,49.4,0,157
NM_001037136.1,187.6,272.8,123.8,0.45,-1.2,0.31,-3.76,1.7e-04,1.0e+00,0.007,3,310.8,263.3,244.4,133.6,154.5,73.9,133
NM_001310436.1,25.2,9.6,36.9,3.805,1.9,0.51,3.76,1.7e-04,1.0e+00,0.007,3,13.8,7.6,7.3,38.9,41.7,23.6,43.4
NM_001410025.1,44.3,0,77.4,428.772,8.7,2.33,3.76,1.7e-04,1.0e+00,0.007,3,0,0,0,123,74.1,0,112.7
XM_011241467.3,644.8,878,469.9,0.535,-0.9,0.24,-3.76,1.7e-04,1.0e+00,0.0071,3,1021.8,611,1001.3,466.9,503.6,525.9,383.3
XM_030253666.2,430.6,334.4,502.7,1.503,0.6,0.16,3.75,1.7e-04,1.0e+00,0.0071,3,280.3,379.2,343.8,532.1,537.6,450.7,490.4
NM_007802.4,1205.4,1581.7,923.2,0.584,-0.8,0.21,-3.74,1.8e-04,1.0e+00,0.0074,3,1569.5,1230.8,1944.8,921.2,820.2,1111.7,839.5
NM_001420229.1,557.3,807.8,369.4,0.457,-1.1,0.3,-3.74,1.8e-04,1.0e+00,0.0075,3,620.6,691.6,1111.3,478.5,282.7,400.3,315.9
NM_011707.2,272.7,449.8,139.9,0.312,-1.7,0.45,-3.73,1.9e-04,1.0e+00,0.0077,3,363.3,385.5,600.5,89.4,109.7,252.4,108.1
NM_173368.3,70.3,120.7,32.4,0.272,-1.9,0.5,-3.73,1.9e-04,1.0e+00,0.0078,3,142,110.9,109.2,13.7,24.7,51.6,39.7
XM_006513258.3,1330.8,1811.2,970.5,0.536,-0.9,0.24,-3.73,1.9e-04,1.0e+00,0.0079,3,1689.4,2347,1397.3,922.3,909.8,815.9,1233.9
NM_001301096.1,62.8,35.4,83.3,2.383,1.3,0.34,3.72,2.0e-04,1.0e+00,0.008,3,36,41.6,28.5,63.1,74.1,86.1,109.9
NM_011545.2,178.4,287.2,96.9,0.339,-1.6,0.42,-3.72,2.0e-04,1.0e+00,0.008,3,384.5,148.7,328.3,91.5,71.1,134.5,90.5
NM_026506.2,918.7,732.2,1058.7,1.443,0.5,0.14,3.72,2.0e-04,1.0e+00,0.008,3,660.3,737,799.3,955.9,1238.9,972.1,1067.7
NM_172702.3,244.4,117.9,339.3,2.893,1.5,0.41,3.72,2.0e-04,1.0e+00,0.008,3,111.6,185.2,57,346,273.4,366.5,371.3
XR_003956210.1,85.9,115.8,63.6,0.553,-0.9,0.23,-3.72,2.0e-04,1.0e+00,0.008,3,117.1,109.6,120.6,56.8,61.8,78.4,57.3
XM_036164285.1,34.1,56.7,17.1,0.299,-1.7,0.47,-3.71,2.1e-04,1.0e+00,0.0082,4,59,40.3,70.9,9.5,23.2,21,14.8
NM_028749.1,139.4,82,182.4,2.22,1.2,0.31,3.71,2.1e-04,1.0e+00,0.0083,4,119.9,59.2,66.8,165.1,177.6,197.6,189.3
NM_001416220.1,30.3,0,53,294.112,8.2,2.21,3.71,2.1e-04,1.0e+00,0.0084,4,0,0,0,86.2,0,75.2,50.8
NM_026481.3,815.1,1372.9,396.7,0.289,-1.8,0.48,-3.7,2.1e-04,1.0e+00,0.0084,4,1055.9,1453.8,1609.1,242.9,253.3,798.7,291.9
NR_169017.1,378.2,549.5,249.7,0.456,-1.1,0.31,-3.71,2.1e-04,1.0e+00,0.0084,4,411.3,582,655.1,212.4,171.5,282.4,332.5
NM_009098.2,13543.6,11397.7,15153,1.33,0.4,0.11,3.7,2.2e-04,1.0e+00,0.0086,4,9907.7,12157,12128.5,16491.3,14106.3,14539.7,15474.6
NM_134102.4,1499.1,2381.9,837,0.352,-1.5,0.41,-3.7,2.2e-04,1.0e+00,0.0086,4,3016.4,1529.4,2599.9,689.9,678.1,1438.1,542.1
NM_009627.2,178.1,260.9,116,0.447,-1.2,0.31,-3.69,2.2e-04,1.0e+00,0.0087,4,271.1,225.5,286,116.7,97.3,168.9,81.3
NM_022563.2,490.2,667.4,357.3,0.535,-0.9,0.24,-3.69,2.2e-04,1.0e+00,0.0088,4,605.9,578.2,818,279.7,409.3,437.3,302.9
NM_001291022.2,310.6,401.7,242.3,0.603,-0.7,0.2,-3.69,2.3e-04,1.0e+00,0.0089,4,341.2,457.3,406.6,196.7,285.8,256.9,230
NM_001424562.1,3013.8,1740.5,3968.8,2.281,1.2,0.32,3.69,2.3e-04,1.0e+00,0.0089,4,1369.4,2617.8,1234.4,3975.1,3061.6,3627.7,5210.8
XM_036162716.1,37.5,0,65.7,363.407,8.5,2.31,3.69,2.3e-04,1.0e+00,0.0089,4,0,0,0,61,140.6,61.2,0
NM_001360422.1,33.9,12.5,49.9,4.114,2,0.55,3.68,2.3e-04,1.0e+00,0.009,4,11.1,21.4,4.9,46.3,61.8,42.7,48.9
NM_023138.5,188.7,0,330.2,1828.294,10.8,2.94,3.68,2.3e-04,1.0e+00,0.009,4,0,0,0,497.4,0,266.5,556.9
XR_004938575.1,192.7,140.6,231.8,1.656,0.7,0.2,3.68,2.3e-04,1.0e+00,0.009,4,141.1,132.3,148.3,211.4,191.5,276,248.4
XM_006517157.5,34.4,1.5,59.1,37.805,5.2,1.43,3.67,2.4e-04,1.0e+00,0.0092,4,0.9,1.3,2.4,129.3,6.2,3.8,97
XM_036159164.1,33.8,3.3,56.6,16.822,4.1,1.11,3.68,2.4e-04,1.0e+00,0.0092,4,7.4,0,2.4,88.3,74.1,9.6,54.5
NM_001290558.1,262.8,355.7,193.1,0.545,-0.9,0.24,-3.67,2.4e-04,1.0e+00,0.0094,4,394.7,318.7,353.6,184,162.2,260.7,165.3
NM_001410618.1,32.9,0,57.5,318.407,8.3,2.27,3.67,2.4e-04,1.0e+00,0.0094,4,0,0,0,0,97.3,66.3,66.5
NM_027760.3,203.9,241.2,175.9,0.731,-0.5,0.12,-3.67,2.5e-04,1.0e+00,0.0094,4,242.5,236.8,244.4,173.5,171.5,184.2,174.6
XM_036162738.1,34.3,0,60,331.939,8.4,2.28,3.67,2.4e-04,1.0e+00,0.0094,4,0,0,0,0,106.6,46.5,86.8
NM_001101502.1,262.4,338,205.8,0.61,-0.7,0.19,-3.65,2.6e-04,1.0e+00,0.0098,4,308.9,393.1,312.1,186.1,222.4,239,175.5
NM_001372289.1,149.9,112.7,177.9,1.577,0.7,0.18,3.66,2.6e-04,1.0e+00,0.0098,4,133.7,105.8,98.6,183,174.6,174.7,179.2
NM_008987.3,1069.1,1853.1,481.1,0.26,-1.9,0.53,-3.65,2.6e-04,1.0e+00,0.0098,4,2291.6,1233.3,2034.5,270.3,335.2,1018.7,300.2
NM_023908.2,155.9,209.5,115.7,0.558,-0.8,0.23,-3.65,2.6e-04,1.0e+00,0.0098,4,193.7,234.3,200.4,113.6,83.4,132.6,133
NM_030565.6,154.9,206.8,115.9,0.558,-0.8,0.23,-3.66,2.6e-04,1.0e+00,0.0098,4,221.3,216.7,182.5,86.2,143.7,117.3,116.4
NM_001409684.1,42.1,64.3,25.6,0.397,-1.3,0.37,-3.65,2.6e-04,1.0e+00,0.0099,4,61.8,47.9,83.1,23.1,23.2,23.6,32.3
NM_147776.4,139.5,212.8,84.5,0.399,-1.3,0.36,-3.65,2.6e-04,1.0e+00,0.0099,5,231.5,185.2,221.6,48.4,81.9,125.6,82.2
NR_176357.1,39.4,0,69,381.446,8.6,2.35,3.65,2.6e-04,1.0e+00,0.0099,5,0,0,0,117.8,108.1,0,49.9
NM_009270.3,77.4,51.9,96.5,1.866,0.9,0.25,3.65,2.7e-04,1.0e+00,0.01,5,50.7,47.9,57,108.3,75.7,105.8,96.1
XM_006503665.5,384.9,590.9,230.4,0.391,-1.4,0.37,-3.65,2.7e-04,1.0e+00,0.01,5,592,396.8,783.8,197.7,156,348,219.8
XM_006515046.2,1480.2,949.8,1877.9,1.978,1,0.27,3.64,2.7e-04,1.0e+00,0.0101,5,744.2,1321.5,783.8,2078,2168.8,1417.7,1847.2
NM_010050.4,123.5,198.5,67.3,0.343,-1.5,0.43,-3.63,2.8e-04,1.0e+00,0.0104,5,199.2,265.8,130.4,85.2,37.1,88,59.1
NM_001110268.1,1122.5,747.8,1403.5,1.879,0.9,0.25,3.63,2.8e-04,1.0e+00,0.0105,5,733.1,866.7,643.7,1014.8,1340.8,1921.9,1336.4
NM_013689.5,32,0,55.9,309.451,8.3,2.28,3.63,2.8e-04,1.0e+00,0.0105,5,0,0,0,0,98.9,49.1,75.7
NM_024182.4,380.9,323.5,423.9,1.311,0.4,0.11,3.63,2.8e-04,1.0e+00,0.0105,5,330.1,313.7,326.7,388,431,450,426.7
XM_036160556.1,164.3,128,191.6,1.487,0.6,0.16,3.63,2.8e-04,1.0e+00,0.0105,5,124.5,118.4,141,180.9,208.5,195.1,181.9
XR_004935647.1,33.3,56.6,15.8,0.284,-1.8,0.5,-3.63,2.9e-04,1.0e+00,0.0106,5,67.3,45.4,57,12.6,15.4,26.1,9.2
NM_001195431.1,3835.2,5510.5,2578.8,0.468,-1.1,0.3,-3.62,3.0e-04,1.0e+00,0.0109,5,5392.8,5113.5,6025.1,2027.5,2080.7,4171.5,2035.6
NM_013484.2,1712.3,2336.3,1244.2,0.533,-0.9,0.25,-3.62,3.0e-04,1.0e+00,0.0109,5,2906.7,2195.8,1906.5,913.8,1393.3,1570.7,1099.1
NM_021788.3,68.8,37,92.6,2.536,1.3,0.37,3.61,3.0e-04,1.0e+00,0.011,5,34.1,54.2,22.8,77.8,97.3,89.9,105.3
NM_178647.3,65.7,153.3,0,0.001,-9.7,2.69,-3.61,3.0e-04,1.0e+00,0.0111,5,189,270.9,0,0,0,0,0
NM_001301710.1,561.4,461.3,636.4,1.384,0.5,0.13,3.6,3.1e-04,1.0e+00,0.0114,5,417.7,530.4,435.9,682.5,600.9,610,652
NM_007945.4,35.3,0,61.7,341.303,8.4,2.34,3.6,3.2e-04,1.0e+00,0.0114,5,0,0,0,108.3,106.6,31.9,0
XM_036165018.1,9.6,0.6,16.3,25.093,4.6,1.29,3.6,3.1e-04,1.0e+00,0.0114,5,1.8,0,0,15.8,26.3,10.2,12.9
NM_001424698.1,457.6,333.9,550.3,1.646,0.7,0.2,3.6,3.2e-04,1.0e+00,0.0115,5,404.8,326.3,270.5,566.8,633.3,471.1,530.1
NM_001146058.1,260.8,200.4,306.1,1.534,0.6,0.17,3.59,3.3e-04,1.0e+00,0.0117,6,189,233.1,179.2,352.3,284.2,284.9,302.9
NM_001406254.1,957.5,1155.6,808.9,0.699,-0.5,0.14,-3.59,3.3e-04,1.0e+00,0.0117,6,1344.5,1085.9,1036.4,774,917.6,794.9,749
NM_011459.4,25.1,10.8,35.9,3.291,1.7,0.48,3.6,3.2e-04,1.0e+00,0.0117,6,13.8,11.3,7.3,37.9,47.9,28,29.6
NM_026545.3,947.9,804.2,1055.8,1.316,0.4,0.11,3.59,3.3e-04,1.0e+00,0.0117,6,830.9,787.4,794.4,1034.8,928.4,1175.5,1084.3
XR_004942051.1,49.4,26.6,66.6,2.506,1.3,0.37,3.6,3.2e-04,1.0e+00,0.0117,6,24,29,26.9,66.3,77.2,80.3,42.5
NM_001291857.2,4001.4,5850.7,2614.4,0.447,-1.2,0.32,-3.59,3.4e-04,1.0e+00,0.012,6,4265.9,8339.8,4946.4,1723.6,3376.7,3003,2354.2
NM_001302095.1,68.3,95.6,47.7,0.5,-1,0.28,-3.59,3.4e-04,1.0e+00,0.012,6,75.6,120.9,90.4,47.3,49.4,43.3,50.8
NM_027434.3,32.7,0,57.1,316.647,8.3,2.32,3.59,3.4e-04,1.0e+00,0.012,6,0,0,0,116.7,0,92.4,19.4
XM_006517339.3,24.9,0,43.6,241.71,7.9,2.21,3.58,3.4e-04,1.0e+00,0.0121,6,0,0,0,57.8,0,59.3,57.3
NM_001357191.2,528.8,634.6,449.5,0.709,-0.5,0.14,-3.58,3.5e-04,1.0e+00,0.0123,6,670.4,663.9,569.5,380.7,472.7,476.2,468.3
NM_172907.3,101.1,143.8,69,0.476,-1.1,0.3,-3.58,3.5e-04,1.0e+00,0.0123,6,161.4,109.6,160.5,61,88,75.2,51.7
XM_006508130.4,29.4,0,51.5,285.424,8.2,2.28,3.58,3.5e-04,1.0e+00,0.0123,6,0,0,0,0,46.3,80.3,79.4
XM_017315561.1,14.5,5.6,21.2,3.825,1.9,0.54,3.58,3.5e-04,1.0e+00,0.0123,6,6.5,6.3,4.1,25.2,20.1,19.1,20.3
NM_001416494.1,26.8,42.3,15.1,0.361,-1.5,0.41,-3.57,3.5e-04,1.0e+00,0.0124,6,49.8,36.5,40.7,18.9,10.8,18.5,12
XM_036155197.1,101.8,57.7,134.8,2.356,1.2,0.35,3.57,3.5e-04,1.0e+00,0.0124,6,63.6,76.8,32.6,130.4,139,121.1,148.7
NR_110958.1,89.9,56.9,114.6,2.043,1,0.29,3.57,3.6e-04,1.0e+00,0.0125,6,46.1,75.6,48.9,120.9,92.7,112.8,132.1
NM_010226.2,176,122.6,216.1,1.766,0.8,0.23,3.57,3.6e-04,1.0e+00,0.0126,6,99.6,141.1,127.1,262.9,200.8,181.7,218.9
NM_001316995.1,1718.1,1346.6,1996.7,1.484,0.6,0.16,3.56,3.7e-04,1.0e+00,0.013,6,1200.7,1491.6,1347.6,2159,1591.1,1995.2,2241.5
NM_138753.2,362.3,512.7,249.5,0.484,-1,0.29,-3.56,3.7e-04,1.0e+00,0.013,6,507.2,462.3,568.7,232.4,376.9,199.5,189.3
NM_029519.3,493.5,593.7,418.4,0.708,-0.5,0.14,-3.56,3.8e-04,1.0e+00,0.0131,6,535.8,628.6,616.8,449,359.9,460.9,403.6
NM_001291162.2,68.9,103.3,43,0.422,-1.2,0.35,-3.55,3.9e-04,1.0e+00,0.0134,7,121.7,97,91.3,29.4,35.5,59.3,48
NM_001301721.1,29.3,0,51.2,284.118,8.2,2.3,3.55,3.9e-04,1.0e+00,0.0134,7,0,0,0,23.1,0,70.1,111.8
NM_011819.4,48.1,73.9,28.7,0.392,-1.4,0.38,-3.55,3.9e-04,1.0e+00,0.0134,7,83,65.5,73.3,31.5,26.3,39.5,17.5
NM_025833.3,92.7,40,132.2,3.303,1.7,0.49,3.54,3.9e-04,1.0e+00,0.0134,7,67.3,34,18.7,168.3,126.7,108.4,125.6
NM_173437.2,1426.9,1705.7,1217.8,0.713,-0.5,0.14,-3.55,3.9e-04,1.0e+00,0.0134,7,1658.1,1647.8,1811.2,1034.8,1376.3,1122.6,1337.3
NM_175561.4,38.7,13.9,57.4,4.122,2,0.58,3.55,3.9e-04,1.0e+00,0.0134,7,18.4,15.1,8.1,53.6,78.8,26.8,70.2
XM_006530564.5,28.1,0,49.2,272.152,8.1,2.28,3.54,3.9e-04,1.0e+00,0.0134,7,0,0,0,0,75.7,45.3,75.7
XR_870447.2,23.9,38.3,13.1,0.33,-1.6,0.45,-3.55,3.9e-04,1.0e+00,0.0134,7,34.1,32.8,48.1,13.7,18.5,10.8,9.2
NM_201394.2,31.8,0,55.6,307.625,8.3,2.33,3.54,4.0e-04,1.0e+00,0.0135,7,0,0,0,0,71.1,29.3,121.9
NM_001285993.1,23.8,0,41.7,231.305,7.9,2.22,3.54,4.0e-04,1.0e+00,0.0136,7,0,0,0,52.6,0,47.8,66.5
NM_001302132.1,278.6,177.5,354.5,2.008,1,0.28,3.54,4.0e-04,1.0e+00,0.0136,7,142.9,258.3,131.2,355.4,333.7,347.4,381.4
NM_001413795.1,517.7,693.1,386.1,0.555,-0.8,0.24,-3.54,4.0e-04,1.0e+00,0.0136,7,871.4,614.8,593.1,339.7,506.7,358.2,339.9
NM_011330.3,580.5,904.8,337.3,0.373,-1.4,0.4,-3.54,4.0e-04,1.0e+00,0.0136,7,685.2,820.1,1209.1,515.3,171.5,316.2,346.3
NM_001360233.1,52.9,123.4,0,0.001,-9.4,2.66,-3.53,4.1e-04,1.0e+00,0.0137,7,212.1,0,158.1,0,0,0,0
NM_133738.3,279.6,415.9,177.4,0.428,-1.2,0.35,-3.54,4.0e-04,1.0e+00,0.0137,7,394.7,283.5,569.5,180.9,135.9,246.1,146.8
NM_176902.3,811.1,634.7,943.3,1.489,0.6,0.16,3.54,4.1e-04,1.0e+00,0.0137,7,688.9,684.1,531.2,1022.2,792.4,930.7,1027.9
XM_011248145.3,52.7,26,72.7,2.797,1.5,0.42,3.54,4.1e-04,1.0e+00,0.0137,7,28.6,26.5,22.8,111.5,66.4,49.1,63.7
NM_001360098.1,315.1,232.9,376.7,1.616,0.7,0.2,3.53,4.1e-04,1.0e+00,0.0139,7,247.1,240.6,211,449,366.1,296.4,395.3
NM_001411228.1,1215.8,1495.3,1006.2,0.672,-0.6,0.16,-3.53,4.2e-04,1.0e+00,0.014,7,1575.1,1611.3,1299.5,900.2,1232.7,921.1,970.7
NR_155297.1,489.3,582.8,419.1,0.715,-0.5,0.14,-3.53,4.2e-04,1.0e+00,0.014,7,608.6,569.4,570.3,415.4,497.4,383.1,380.5
NR_164123.1,76.3,118.9,44.4,0.372,-1.4,0.4,-3.53,4.2e-04,1.0e+00,0.0141,7,176.1,75.6,105.1,46.3,46.3,51.6,33.2
NM_001347459.1,223.1,345.2,131.4,0.38,-1.4,0.4,-3.52,4.3e-04,1.0e+00,0.0142,7,398.4,177.6,459.5,104.1,159.1,153.6,109
XM_011247771.2,24.6,37.7,14.8,0.388,-1.4,0.39,-3.52,4.3e-04,1.0e+00,0.0142,7,46.1,32.8,34.2,12.6,17,14.7,14.8
XM_036163936.1,257.4,360.6,180.1,0.499,-1,0.28,-3.52,4.3e-04,1.0e+00,0.0144,7,322.8,386.8,372.3,114.6,217.8,224.4,163.5
NM_001358996.1,203.8,0,356.7,1974.945,10.9,3.11,3.51,4.4e-04,1.0e+00,0.0146,8,0,0,0,76.8,0,648.9,701
NM_001348207.1,213.3,285,159.5,0.561,-0.8,0.24,-3.51,4.5e-04,1.0e+00,0.0148,8,254.5,291,309.6,134.6,165.3,207.8,130.2
NM_001357907.1,462.1,400.4,508.4,1.274,0.3,0.1,3.51,4.5e-04,1.0e+00,0.0148,8,380.9,412,408.2,477.4,497.4,538,520.9
NM_178909.4,13781.9,10496.1,16246.1,1.548,0.6,0.18,3.51,4.5e-04,1.0e+00,0.0148,8,11421,8937,11130.4,12894.8,19982.4,16337.3,15770.1
XM_017319503.2,574.8,692.8,486.4,0.703,-0.5,0.14,-3.51,4.5e-04,1.0e+00,0.0148,8,794.9,643.8,639.6,510,446.4,537.4,451.6
NM_033373.2,30.2,15.7,41,2.679,1.4,0.41,3.51,4.5e-04,1.0e+00,0.0149,8,14.8,20.2,12.2,36.8,35.5,52.9,38.8
NM_001164724.2,25,0,43.7,241.983,7.9,2.27,3.49,4.8e-04,1.0e+00,0.0156,8,0,0,0,98.9,0,38.9,36.9
NM_001174170.1,755.1,328,1075.5,3.282,1.7,0.49,3.49,4.8e-04,1.0e+00,0.0156,8,418.7,439.7,125.5,659.4,1520,1215.6,907
NR_169028.1,994.4,790.3,1147.5,1.453,0.5,0.15,3.49,4.8e-04,1.0e+00,0.0156,8,796.8,749.6,824.5,1337.6,914.5,1157.6,1180.3
NM_025881.3,106.2,74,130.3,1.751,0.8,0.23,3.49,4.8e-04,1.0e+00,0.0157,8,74.7,75.6,71.7,150.4,145.2,103.9,121.9
NM_001159483.1,14574.7,12984.8,15767.1,1.214,0.3,0.08,3.49,4.9e-04,1.0e+00,0.0158,8,12802.4,13312.2,12839.8,16214.7,14316.4,15392,17145.3
XM_011248394.3,27.8,9.5,41.5,4.405,2.1,0.61,3.49,4.9e-04,1.0e+00,0.0158,8,17.5,7.6,3.3,37.9,41.7,45.9,40.6
NM_021362.2,201,123.9,258.9,2.09,1.1,0.31,3.48,4.9e-04,1.0e+00,0.0159,8,130,151.2,90.4,220.8,350.6,202.7,261.4
NM_011503.5,321.8,203,411,2.023,1,0.29,3.48,5.0e-04,1.0e+00,0.016,8,284,186.4,138.5,440.6,455.7,338.5,409.1
NM_001029873.2,20.2,7.8,29.6,3.851,1.9,0.56,3.48,5.0e-04,1.0e+00,0.0162,9,8.3,10.1,4.9,37.9,35.5,19.1,25.9
NM_012006.2,48.7,26.4,65.4,2.467,1.3,0.37,3.48,5.0e-04,1.0e+00,0.0162,9,33.2,23.9,22,87.3,68,57.4,48.9
NM_010274.3,97.4,72.2,116.3,1.621,0.7,0.2,3.47,5.1e-04,1.0e+00,0.0165,9,80.2,70.5,66,116.7,103.5,126.9,118.2
NM_008486.3,115.4,156.6,84.4,0.541,-0.9,0.26,-3.47,5.2e-04,1.0e+00,0.0166,9,117.1,177.6,175.2,89.4,81.9,94.3,72
NM_007665.3,82.1,42.6,111.8,2.625,1.4,0.4,3.47,5.2e-04,1.0e+00,0.0167,9,61.8,39.1,26.9,102,111.2,86.1,147.8
NM_001276449.2,176.7,268.2,108,0.404,-1.3,0.38,-3.46,5.3e-04,1.0e+00,0.017,9,299.7,209.1,295.8,79.9,103.5,172.1,76.7
NM_010516.2,3631,4370.6,3076.2,0.704,-0.5,0.15,-3.46,5.4e-04,1.0e+00,0.0172,9,4644.9,3556.4,4910.5,3106.4,2772.8,3377.9,3047.8
NM_009230.3,207.2,122.9,270.4,2.198,1.1,0.33,3.46,5.5e-04,1.0e+00,0.0173,9,141.1,137.3,90.4,333.4,330.6,178.5,239.2
NM_001410474.1,324.4,236.6,390.1,1.654,0.7,0.21,3.45,5.5e-04,1.0e+00,0.0175,9,222.2,236.8,250.9,340.7,308.9,476.8,434.1
NM_001136062.2,125.3,86.7,154.3,1.786,0.8,0.24,3.45,5.6e-04,1.0e+00,0.0177,10,93.1,92,75,140.9,143.7,135.1,197.6
NM_001142916.1,56.4,131.6,0,0.001,-9.5,2.75,-3.45,5.6e-04,1.0e+00,0.0177,10,0,312.4,82.3,0,0,0,0
NM_001287389.1,92.5,161.6,40.8,0.255,-2,0.57,-3.45,5.6e-04,1.0e+00,0.0177,10,178,104.6,202.1,26.3,27.8,82.2,26.8
NM_029083.2,1090,787.7,1316.7,1.675,0.7,0.22,3.45,5.6e-04,1.0e+00,0.0177,10,705.5,956.2,701.5,1318.7,971.6,1496.1,1480.5
NM_016685.2,24.2,41.2,11.4,0.268,-1.9,0.55,-3.45,5.7e-04,1.0e+00,0.0178,10,27.7,36.5,59.5,12.6,15.4,6.4,11.1
XM_006522037.3,187.1,234.7,151.4,0.642,-0.6,0.19,-3.45,5.7e-04,1.0e+00,0.0178,10,250.8,243.1,210.2,159.8,176.1,144.1,125.6
XM_036164549.1,324.8,393,273.7,0.694,-0.5,0.15,-3.45,5.7e-04,1.0e+00,0.0178,10,406.7,396.8,375.6,226.1,316.7,270.3,281.7
NM_001033124.1,423.8,637.3,263.6,0.415,-1.3,0.37,-3.44,5.8e-04,1.0e+00,0.0181,10,726.7,587.1,598,171.4,236.3,441.8,205
NM_029803.3,2038.7,3103.7,1240,0.4,-1.3,0.38,-3.44,5.8e-04,1.0e+00,0.0181,10,3637.9,2915.2,2758,710.9,1126.1,2155.9,967
NM_173749.4,226.9,383.8,109.2,0.284,-1.8,0.53,-3.44,5.8e-04,1.0e+00,0.0181,10,463.8,191.5,496.2,66.3,152.9,156.8,61
XM_036153694.1,9.9,2.9,15.2,5.29,2.4,0.7,3.44,5.8e-04,1.0e+00,0.0181,10,2.8,2.5,3.3,17.9,15.4,16.6,11.1
XM_036165900.1,94,156.8,46.9,0.297,-1.8,0.51,-3.44,5.8e-04,1.0e+00,0.0181,10,77.5,168.8,224.1,61,55.6,25.5,45.3
NM_001081293.2,27.8,0,48.6,269.106,8.1,2.35,3.44,5.9e-04,1.0e+00,0.0182,10,0,0,0,71.5,60.2,0,62.8
NM_001420407.1,24.2,0,42.4,234.529,7.9,2.29,3.44,5.9e-04,1.0e+00,0.0182,10,0,0,0,0,40.2,68.2,61
NM_026878.1,123.4,158.2,97.2,0.613,-0.7,0.21,-3.44,5.9e-04,1.0e+00,0.0182,10,130.9,170.1,173.5,106.2,97.3,86.7,98.8
NM_028903.2,228.8,398,101.9,0.256,-2,0.57,-3.43,6.0e-04,1.0e+00,0.0185,10,476.8,141.1,576,57.8,112.8,157.5,79.4
XM_006511988.5,178.3,237.2,134.1,0.564,-0.8,0.24,-3.43,6.0e-04,1.0e+00,0.0185,10,191.8,297.3,222.4,125.1,163.7,119.2,128.4
XM_036162409.1,944.7,713,1118.4,1.57,0.7,0.19,3.42,6.2e-04,1.0e+00,0.0189,11,757.1,796.2,585.8,868.6,1186.3,1183.1,1235.7
XR_001784112.3,83.7,52.2,107.2,2.052,1,0.3,3.42,6.2e-04,1.0e+00,0.0189,11,48.9,60.5,47.3,116.7,123.6,73.3,115.4
NM_001001881.2,175.4,233.4,131.9,0.561,-0.8,0.24,-3.42,6.2e-04,1.0e+00,0.0191,11,253.6,171.3,275.4,130.4,154.5,127.5,115.4
NM_009208.3,163,204.2,132,0.641,-0.6,0.19,-3.42,6.3e-04,1.0e+00,0.0191,11,218.6,192.7,201.2,119.9,163.7,128.1,116.4
NM_010496.3,297.8,455.4,179.6,0.394,-1.3,0.39,-3.42,6.2e-04,1.0e+00,0.0191,11,612.3,217.9,536.1,180.9,140.6,202.7,194
NM_010101.4,540.9,715.5,409.9,0.572,-0.8,0.24,-3.42,6.4e-04,1.0e+00,0.0193,11,573.6,875.6,697.4,338.6,531.4,390.8,378.7
NM_010481.2,433.9,363.3,486.9,1.342,0.4,0.12,3.41,6.4e-04,1.0e+00,0.0196,11,360.6,343.9,385.4,509,420.2,499.1,519.1
NM_007414.3,471.4,553.6,409.8,0.742,-0.4,0.13,-3.41,6.5e-04,1.0e+00,0.0197,11,545.9,529.1,585.8,435.4,346,422.6,435
NM_008655.1,3644.2,4731.3,2828.8,0.598,-0.7,0.22,-3.41,6.5e-04,1.0e+00,0.0197,11,5853,3755.4,4585.5,2793.1,3463.2,2850.7,2208.3
XM_006496865.4,237.6,163.9,292.8,1.794,0.8,0.25,3.41,6.5e-04,1.0e+00,0.0197,11,127.3,210.4,154,320.7,264.1,249.2,337.1
XM_017316437.3,46.8,17.7,68.6,3.824,1.9,0.57,3.41,6.5e-04,1.0e+00,0.0197,11,23.1,11.3,18.7,85.2,83.4,27.4,78.5
NM_001310520.1,35.4,54,21.5,0.41,-1.3,0.38,-3.41,6.6e-04,1.0e+00,0.0198,11,53.5,55.4,53,21,15.4,31.2,18.5
XM_006527256.5,1202.2,1502.4,977,0.65,-0.6,0.18,-3.41,6.6e-04,1.0e+00,0.0198,11,1800.1,1191.8,1515.4,838.1,1090.6,967,1012.2
NM_001293622.1,560.8,471.8,627.6,1.325,0.4,0.12,3.4,6.6e-04,1.0e+00,0.0199,11,499.8,412,503.5,647.8,627.2,582.6,653
NM_008495.2,29372.5,23571.3,33723.5,1.431,0.5,0.15,3.4,6.6e-04,1.0e+00,0.0199,11,20570.7,28851.8,21291.3,32453.7,30999.3,37001.6,34439.3
NM_026832.4,49.5,115.5,0,0.002,-9.3,2.74,-3.4,6.7e-04,1.0e+00,0.0199,11,182.6,163.8,0,0,0,0,0
NM_001252523.3,54.3,126.8,0,0.001,-9.4,2.78,-3.4,6.7e-04,1.0e+00,0.02,12,79.3,301.1,0,0,0,0,0
NM_001420492.1,297,373,239.9,0.639,-0.6,0.19,-3.4,6.8e-04,1.0e+00,0.0201,12,387.3,313.7,418,227.1,292,211.6,229
NM_001024920.1,331.9,394,285.2,0.728,-0.5,0.13,-3.39,6.9e-04,1.0e+00,0.0204,12,378.1,389.3,414.7,275.5,254.9,325.1,285.4
NM_001037279.2,59.3,37.3,75.8,2.005,1,0.3,3.39,6.9e-04,1.0e+00,0.0205,12,36.9,27.7,47.3,87.3,74.1,73.3,68.3
NM_145741.3,346.1,550.5,192.7,0.35,-1.5,0.45,-3.39,7.0e-04,1.0e+00,0.0206,12,376.2,321.2,954.1,166.2,163.7,184.2,256.8
NM_008240.3,37.5,65.8,16.2,0.253,-2,0.59,-3.39,7.1e-04,1.0e+00,0.021,12,60.9,93.2,43.2,12.6,13.9,29.3,9.2
NM_026280.3,722.2,875.3,607.3,0.696,-0.5,0.15,-3.39,7.1e-04,1.0e+00,0.021,12,819.8,936,870.2,580.5,500.5,712,636.3
XM_036160186.1,218.9,269.9,180.6,0.673,-0.6,0.17,-3.38,7.1e-04,1.0e+00,0.021,12,249.9,277.2,282.7,189.3,145.2,183.6,204.1
NM_013587.3,802.1,965.4,679.6,0.705,-0.5,0.15,-3.38,7.2e-04,1.0e+00,0.0211,12,1043.9,847.8,1004.6,618.3,653.4,803.2,643.7
NM_001114088.2,1028.9,813.3,1190.7,1.467,0.6,0.16,3.37,7.5e-04,1.0e+00,0.0221,13,791.2,953.7,695,1293.5,1056.6,1322.7,1089.8
NM_145361.3,141.1,199.8,97,0.48,-1.1,0.31,-3.37,7.6e-04,1.0e+00,0.0222,13,172.4,180.2,246.9,92.5,129.8,65,100.7
NM_001290710.1,325.5,451,231.5,0.513,-1,0.29,-3.37,7.6e-04,1.0e+00,0.0223,13,462,296.1,594.8,218.7,211.6,278.6,217
XM_006498051.1,1018.4,1277.8,823.9,0.646,-0.6,0.19,-3.37,7.6e-04,1.0e+00,0.0223,13,1231.1,1316.5,1285.7,756.1,811,1064.5,664.1
XR_003956159.1,28.3,45.8,15.2,0.338,-1.6,0.47,-3.37,7.6e-04,1.0e+00,0.0223,13,33.2,55.4,48.9,10.5,13.9,22.3,13.9
NM_010423.2,25.2,13.3,34.2,2.569,1.4,0.41,3.36,7.8e-04,1.0e+00,0.0228,13,14.8,11.3,13.9,40,24.7,35.1,36.9
NM_001409778.1,33.5,0,58.5,324.244,8.3,2.49,3.35,8.0e-04,1.0e+00,0.0231,14,0,0,0,49.4,18.5,0,166.2
NM_007482.3,95.6,40.3,137.1,3.435,1.8,0.53,3.35,8.0e-04,1.0e+00,0.0231,14,15.7,69.3,35.8,94.6,149.8,149.8,154.2
XM_036156426.1,170.1,228.6,126.3,0.556,-0.8,0.25,-3.35,8.0e-04,1.0e+00,0.0231,14,172.4,246.9,266.4,109.4,109.7,148.5,137.6
NM_001270360.1,152.9,234.2,91.9,0.39,-1.4,0.41,-3.35,8.1e-04,1.0e+00,0.0233,14,262.8,161.3,278.6,59.9,140.6,100.7,66.5
NM_001361602.1,133.7,172.6,104.6,0.607,-0.7,0.21,-3.35,8.1e-04,1.0e+00,0.0233,14,171.5,152.4,193.9,107.3,98.9,124.3,87.7
NM_001161843.1,15.4,5.8,22.7,3.993,2,0.6,3.35,8.2e-04,1.0e+00,0.0234,14,7.4,7.6,2.4,25.2,26.3,19.8,19.4
NM_001164806.1,14,5.4,20.4,3.727,1.9,0.57,3.35,8.2e-04,1.0e+00,0.0234,14,5.5,5,5.7,26.3,17,15.9,22.2
NM_007626.3,41.4,96.6,0,0.002,-9.1,2.7,-3.35,8.1e-04,1.0e+00,0.0234,14,143.9,0,145.8,0,0,0,0
NM_019634.2,58.6,26.6,82.6,3.141,1.7,0.49,3.35,8.1e-04,1.0e+00,0.0234,14,32.3,35.3,12.2,101,57.2,69.5,102.5
NM_001347415.2,44.5,103.8,0,0.002,-9.2,2.74,-3.34,8.3e-04,1.0e+00,0.0236,14,0,146.1,165.4,0,0,0,0
NM_080467.3,28.7,44.8,16.6,0.371,-1.4,0.43,-3.34,8.3e-04,1.0e+00,0.0237,14,59,45.4,30.1,16.8,15.4,14.7,19.4
NM_130858.4,19.6,7.9,28.4,3.463,1.8,0.54,3.34,8.3e-04,1.0e+00,0.0237,14,9.2,3.8,10.6,23.1,37.1,23.6,29.6
NM_010683.2,666,773.1,585.6,0.76,-0.4,0.12,-3.34,8.4e-04,1.0e+00,0.0239,14,699,864.2,756.1,609.9,557.6,620.9,554.1
NM_001114663.1,103,65.4,131.2,1.993,1,0.3,3.34,8.5e-04,1.0e+00,0.0241,15,60.9,58,77.4,129.3,131.3,95,169
NM_001164101.3,634.2,861,464.1,0.538,-0.9,0.27,-3.34,8.5e-04,1.0e+00,0.0242,15,1055.9,692.9,834.3,516.3,553,480.6,306.6
NM_001290712.1,901.1,698.2,1053.2,1.51,0.6,0.18,3.33,8.6e-04,1.0e+00,0.0243,15,663,652.6,778.9,937,866.6,1165.3,1244.1
NM_001405099.1,21.3,0,37.3,206.268,7.7,2.31,3.33,8.7e-04,1.0e+00,0.0245,15,0,0,0,0,68,33.1,48
NM_010291.4,331,171.8,450.4,2.628,1.4,0.42,3.33,8.7e-04,1.0e+00,0.0245,15,201,241.9,72.5,404.9,474.2,399,523.7
NM_001359076.2,40.9,95.4,0,0.002,-9,2.71,-3.33,8.7e-04,1.0e+00,0.0246,15,176.1,0,110,0,0,0,0
NM_054049.3,436.3,715.3,227.1,0.318,-1.7,0.5,-3.33,8.7e-04,1.0e+00,0.0246,15,600.3,627.4,918.2,152.5,179.2,450,126.5
NM_001306071.1,69.6,36.7,94.2,2.58,1.4,0.41,3.32,8.9e-04,1.0e+00,0.0249,15,50.7,41.6,17.9,103.1,91.1,84.8,97.9
XM_006521245.2,800.2,957.2,682.5,0.713,-0.5,0.15,-3.32,8.9e-04,1.0e+00,0.0249,15,1070.6,965,835.9,590,735.3,661,743.5
NM_178680.5,38.6,62,21,0.337,-1.6,0.47,-3.32,9.0e-04,1.0e+00,0.0252,16,76.5,40.3,69.3,16.8,26.3,28,12.9
NM_001286468.1,69.2,89,54.3,0.607,-0.7,0.22,-3.32,9.1e-04,1.0e+00,0.0254,16,83.9,86.9,96.1,49.4,58.7,52.9,56.3
NM_001360658.1,1860.4,1448.9,2169.1,1.499,0.6,0.18,3.32,9.1e-04,1.0e+00,0.0255,16,1290.1,1567.2,1489.4,2203.1,1646.7,2329.3,2497.4
NM_010074.3,257.8,390.2,158.5,0.407,-1.3,0.39,-3.32,9.2e-04,1.0e+00,0.0255,16,443.6,265.8,461.2,131.5,140.6,253.7,108.1
NM_023184.4,29.2,46.2,16.4,0.348,-1.5,0.46,-3.32,9.1e-04,1.0e+00,0.0255,16,45.2,31.5,61.9,11.6,23.2,15.3,15.7
NM_030601.3,20.6,8.5,29.6,3.395,1.8,0.53,3.31,9.2e-04,1.0e+00,0.0256,16,12,6.3,7.3,25.2,38.6,20.4,34.2
NM_007652.6,222.7,295.4,168.1,0.57,-0.8,0.25,-3.31,9.3e-04,1.0e+00,0.0257,16,278.5,230.5,377.2,163,139,179.1,191.2
NM_009983.3,2939.3,3462.4,2547,0.736,-0.4,0.13,-3.31,9.3e-04,1.0e+00,0.0257,16,3898.9,3402.7,3085.5,2312.5,2686.3,2854.5,2334.8
NM_007780.4,95.1,162.9,44.3,0.274,-1.9,0.56,-3.31,9.4e-04,1.0e+00,0.0259,16,200.1,132.3,156.4,13.7,37.1,70.1,56.3
NM_009641.2,209,278.5,156.8,0.567,-0.8,0.25,-3.31,9.4e-04,1.0e+00,0.0259,16,276.6,311.2,247.7,194.5,106.6,164.5,161.6
NM_013875.6,21.2,0,37.2,205.609,7.7,2.32,3.31,9.4e-04,1.0e+00,0.0259,16,0,0,0,34.7,57.2,56.7,0
NM_001164805.1,45,67.8,27.9,0.408,-1.3,0.39,-3.31,9.5e-04,1.0e+00,0.026,16,59,60.5,83.9,15.8,34,29.3,32.3
NR_177195.1,18.6,38.1,4,0.1,-3.3,1.01,-3.31,9.5e-04,1.0e+00,0.026,16,35,40.3,39.1,8.4,4.6,0,2.8
NM_001286033.1,250.9,311.4,205.5,0.662,-0.6,0.18,-3.3,9.7e-04,1.0e+00,0.0264,17,313.5,320,300.6,169.3,217.8,245.4,189.3
NM_053089.3,214.4,160.6,254.8,1.585,0.7,0.2,3.3,9.6e-04,1.0e+00,0.0264,17,135.6,177.6,168.7,235.6,271.9,216.1,295.5
NM_178407.3,29.2,16.9,38.5,2.295,1.2,0.36,3.3,9.6e-04,1.0e+00,0.0264,17,15.7,20.2,14.7,35.8,46.3,37.6,34.2
NM_001253869.1,323.6,412,257.3,0.626,-0.7,0.2,-3.3,9.7e-04,1.0e+00,0.0265,17,410.4,340.1,485.6,240.8,213.2,294.5,280.8
NM_028459.2,138,102.6,164.5,1.602,0.7,0.21,3.3,9.8e-04,1.0e+00,0.0266,17,94.1,90.7,123,155.6,146.7,178.5,177.3
XM_030245916.2,418.1,473.5,376.6,0.792,-0.3,0.1,-3.3,9.7e-04,1.0e+00,0.0266,17,461.1,490.1,469.3,372.3,407.8,350.6,375.9
NM_145978.2,680.8,922.6,499.4,0.542,-0.9,0.27,-3.3,9.8e-04,1.0e+00,0.0267,17,829.9,767.2,1170.8,556.3,342.9,612.6,485.8
NM_008774.3,5581,5064,5968.7,1.178,0.2,0.07,3.29,9.9e-04,1.0e+00,0.0268,17,5109.7,4704.1,5378.2,5932.1,6232.9,6008.6,5701.3
NM_028072.5,806.8,1092.1,592.9,0.544,-0.9,0.27,-3.29,1.0e-03,1.0e+00,0.027,17,1081.7,1006.6,1187.9,432.2,562.3,864.4,512.6
XM_030243704.2,98.8,64.2,124.7,1.945,1,0.29,3.29,1.0e-03,1.0e+00,0.027,17,71,76.8,44.8,126.2,148.3,103.3,121
NM_001081213.2,49.6,31.1,63.4,2.037,1,0.31,3.29,1.0e-03,1.0e+00,0.0274,18,27.7,29,36.7,63.1,52.5,58.6,79.4
NM_001404304.1,561.1,722.2,440.2,0.608,-0.7,0.22,-3.29,1.0e-03,1.0e+00,0.0274,18,668.6,850.4,647.7,371.2,580.8,416.3,392.5
NM_001359273.1,490.7,256.5,666.4,2.604,1.4,0.42,3.28,1.0e-03,1.0e+00,0.0276,18,174.3,420.8,174.4,836,568.5,449.4,811.8
NM_008092.4,13.6,4.7,20.2,4.598,2.2,0.67,3.28,1.0e-03,1.0e+00,0.0278,18,2.8,8.8,2.4,24.2,17,20.4,19.4
NM_024237.4,389.6,665.2,183,0.276,-1.9,0.57,-3.28,1.0e-03,1.0e+00,0.0278,18,784.8,710.5,500.3,128.3,134.4,390.8,78.5
XM_006497806.1,600.7,729.8,503.9,0.693,-0.5,0.16,-3.28,1.0e-03,1.0e+00,0.0278,18,748.8,682.8,757.7,455.3,426.3,603.7,530.1
XM_011242413.3,21.3,0,37.2,206.09,7.7,2.34,3.28,1.0e-03,1.0e+00,0.0278,18,0,0,0,98.9,0,20.4,29.6
XM_030254588.2,26.2,0,45.9,253.743,8,2.44,3.28,1.0e-03,1.0e+00,0.0278,18,0,0,0,114.6,26.3,0,42.5
NM_022415.3,677.3,892.6,515.7,0.578,-0.8,0.24,-3.28,1.0e-03,1.0e+00,0.0279,18,1047.6,805,825.3,389.1,534.5,684,455.3
NM_008828.3,1758.8,1118.7,2238.8,2.003,1,0.31,3.28,1.1e-03,1.0e+00,0.0281,18,791.2,1709.5,855.5,2314.6,1836.7,2476.5,2327.4
NM_001252293.1,64.8,121.3,22.4,0.186,-2.4,0.74,-3.27,1.1e-03,1.0e+00,0.0282,18,51.6,49.1,263.2,22.1,13.9,26.1,27.7
NM_001360727.1,228.7,292.2,181.1,0.622,-0.7,0.21,-3.27,1.1e-03,1.0e+00,0.0282,18,327.4,238.1,311.2,184,151.4,215.5,173.6
NM_173008.3,894.4,1214.2,654.5,0.539,-0.9,0.27,-3.27,1.1e-03,1.0e+00,0.0286,19,1179.4,1193,1270.2,477.4,746.1,907.1,487.6
NM_021716.5,82.8,119.9,55,0.457,-1.1,0.35,-3.27,1.1e-03,1.0e+00,0.0288,19,104.2,107.1,148.3,32.6,66.4,61.8,59.1
XM_017317725.2,14.4,5.3,21.2,3.929,2,0.61,3.26,1.1e-03,1.0e+00,0.0291,19,9.2,2.5,4.1,22.1,21.6,21.7,19.4
NM_001005847.3,41.8,66,23.6,0.357,-1.5,0.46,-3.26,1.1e-03,1.0e+00,0.0292,19,46.1,65.5,86.4,18.9,29.3,31.2,14.8
NM_001417839.1,93.6,136,61.8,0.453,-1.1,0.35,-3.26,1.1e-03,1.0e+00,0.0292,19,171.5,88.2,148.3,45.2,68,59.3,74.8
NM_009932.5,4194.7,5312.4,3356.4,0.632,-0.7,0.2,-3.26,1.1e-03,1.0e+00,0.0294,19,4597,6309,5031.1,4040.3,2565.8,3696,3123.5
NM_010753.3,1891,2113.5,1724.2,0.817,-0.3,0.09,-3.26,1.1e-03,1.0e+00,0.0294,19,2023.2,2199.6,2117.6,1621.6,1606.5,1863.9,1804.7
NM_010517.4,29854.2,40228.1,22073.8,0.549,-0.9,0.27,-3.26,1.1e-03,1.0e+00,0.0295,19,37713.8,38829.3,44141.1,19024.6,16014,33336.9,19919.7
XM_036153175.1,554.2,311.2,736.4,2.372,1.2,0.38,3.26,1.1e-03,1.0e+00,0.0295,20,255.4,432.1,246.1,704.6,389.3,909.6,942.1
XM_036159693.1,244.4,77.8,369.3,4.756,2.2,0.69,3.26,1.1e-03,1.0e+00,0.0295,19,133.7,88.2,11.4,445.9,335.2,317.5,378.7
XM_006506790.3,39.2,25.9,49.1,1.902,0.9,0.29,3.25,1.1e-03,1.0e+00,0.0297,20,26.7,26.5,24.4,46.3,51,50.4,48.9
XM_006510821.5,237.1,184.4,276.7,1.501,0.6,0.18,3.25,1.1e-03,1.0e+00,0.0297,20,199.2,187.7,166.2,265,275,239,327.9
XM_006522771.1,24.9,39,14.2,0.366,-1.4,0.45,-3.25,1.1e-03,1.0e+00,0.0297,20,48,36.5,32.6,9.5,17,18.5,12
NM_001302642.2,272.9,209.8,320.2,1.516,0.6,0.18,3.25,1.1e-03,1.0e+00,0.0298,20,238.8,176.4,214.3,299.7,372.3,281.1,327.9
NM_001316366.1,176.6,89.1,242.2,2.736,1.5,0.45,3.25,1.2e-03,1.0e+00,0.0303,20,75.6,146.1,45.6,291.3,183.8,210.4,283.5
NM_027309.2,90.5,137.5,55.2,0.402,-1.3,0.41,-3.24,1.2e-03,1.0e+00,0.0304,20,147.5,74.3,190.7,47.3,51,68.2,54.5
NM_144515.2,18.5,9.4,25.4,2.696,1.4,0.44,3.25,1.2e-03,1.0e+00,0.0304,20,9.2,10.1,9,26.3,27.8,26.1,21.2
XM_006527842.5,60.3,32.1,81.5,2.546,1.3,0.42,3.24,1.2e-03,1.0e+00,0.0307,21,40.6,32.8,22.8,118.8,71.1,56.7,79.4
NM_001357238.1,36.3,84.7,0,0.002,-8.9,2.74,-3.24,1.2e-03,1.0e+00,0.0309,21,154,0,100.2,0,0,0,0
NM_001420108.1,513.8,724.1,356.1,0.493,-1,0.32,-3.24,1.2e-03,1.0e+00,0.0309,21,705.5,521.6,945.1,363.9,247.2,486.4,326.9
XM_036153097.1,147.1,222.6,90.4,0.409,-1.3,0.4,-3.24,1.2e-03,1.0e+00,0.0309,21,222.2,225.5,220,66.3,81.9,153.6,60
XM_036162475.1,36,84.1,0,0.002,-8.9,2.73,-3.24,1.2e-03,1.0e+00,0.0309,21,109.7,0,142.6,0,0,0,0
NM_001160411.1,99.8,135.1,73.4,0.546,-0.9,0.27,-3.24,1.2e-03,1.0e+00,0.031,21,156.8,124.7,123.8,54.7,72.6,92.4,73.9
NM_001310609.1,15.8,0,27.7,153.821,7.3,2.25,3.23,1.2e-03,1.0e+00,0.0311,21,0,0,0,29.4,0,40.8,40.6
NM_027395.2,2069.4,2829.6,1499.2,0.53,-0.9,0.28,-3.24,1.2e-03,1.0e+00,0.0311,21,3141.8,2866,2480.9,1533.2,1004.1,2193.5,1266.2
NM_001420869.1,73.8,34.1,103.6,3.073,1.6,0.5,3.23,1.2e-03,1.0e+00,0.0313,21,44.3,44.1,13.9,87.3,77.2,117.9,132.1
NM_011157.3,186,297.1,102.6,0.347,-1.5,0.47,-3.23,1.2e-03,1.0e+00,0.0313,21,261,209.1,421.2,73.6,60.2,174,102.5
NM_013476.4,206.8,306.8,131.7,0.429,-1.2,0.38,-3.23,1.2e-03,1.0e+00,0.0313,21,391.9,156.2,372.3,104.1,145.2,142.8,134.8
NM_001033145.2,73.1,48.6,91.5,1.872,0.9,0.28,3.23,1.2e-03,1.0e+00,0.0315,21,48.9,36.5,60.3,86.2,80.3,92.4,107.1
NM_010189.3,1079.9,1332.3,890.7,0.668,-0.6,0.18,-3.23,1.2e-03,1.0e+00,0.0315,21,1558.5,1005.3,1433.2,849.7,900.6,962.6,849.7
NM_001242396.1,20.8,0,36.5,201.735,7.7,2.38,3.22,1.3e-03,1.0e+00,0.0321,22,0,0,0,51.5,55.6,0,38.8
NM_001360755.2,1151.7,1677.4,757.3,0.452,-1.1,0.36,-3.22,1.3e-03,1.0e+00,0.0321,22,1683.9,1145.2,2203.1,607.8,481.9,1088.1,851.5
NM_001427226.1,134,105.5,155.3,1.482,0.6,0.18,3.22,1.3e-03,1.0e+00,0.0321,22,97.7,107.1,111.6,151.4,135.9,165.1,169
NM_008008.4,102.1,156.9,60.9,0.391,-1.4,0.42,-3.22,1.3e-03,1.0e+00,0.0321,22,147.5,105.8,217.5,62,38.6,89.2,53.6
NM_177876.4,146.9,90.3,189.2,2.113,1.1,0.33,3.22,1.3e-03,1.0e+00,0.0321,22,75.6,131,64.4,227.1,149.8,175.9,204.1
XM_006504303.5,15.4,0,26.9,149.071,7.2,2.24,3.22,1.3e-03,1.0e+00,0.0321,22,0,0,0,35.8,0,35.7,36
XM_030242424.2,20.7,0,36.2,200.216,7.6,2.37,3.22,1.3e-03,1.0e+00,0.0321,22,0,0,0,52.6,47.9,0,44.3
XM_017314414.1,21.8,37.9,9.8,0.257,-2,0.61,-3.22,1.3e-03,1.0e+00,0.0323,22,49.8,23.9,39.9,7.4,12.4,14.7,4.6
NM_013584.2,15.4,0,27,149.627,7.2,2.25,3.22,1.3e-03,1.0e+00,0.0324,22,0,0,0,42.1,0,34.4,31.4
XM_036161102.1,39.9,93,0,0.002,-9,2.8,-3.21,1.3e-03,1.0e+00,0.033,23,0,70.5,208.6,0,0,0,0
NR_151530.1,257.9,332.1,202.3,0.608,-0.7,0.22,-3.21,1.3e-03,1.0e+00,0.0332,23,404.8,258.3,333.2,196.7,216.3,226.3,169.9
XM_036156236.1,104.1,77,124.4,1.598,0.7,0.21,3.21,1.3e-03,1.0e+00,0.0333,23,83.9,61.7,85.5,129.3,123.6,113.5,131.1
XM_036155318.1,145.3,187.6,113.6,0.606,-0.7,0.23,-3.21,1.3e-03,1.0e+00,0.0334,23,207.5,163.8,191.5,97.8,123.6,137.1,96.1
NM_001357444.1,117.3,85.5,141.1,1.65,0.7,0.23,3.21,1.3e-03,1.0e+00,0.0335,23,66.4,95.7,94.5,127.2,151.4,132.6,153.3
NM_021355.4,605.2,787.7,468.3,0.593,-0.8,0.24,-3.2,1.4e-03,1.0e+00,0.0338,24,804.1,826.4,732.5,397.5,645.7,469.8,360.2
NM_011076.3,74.9,50.1,93.4,1.871,0.9,0.28,3.2,1.4e-03,1.0e+00,0.0342,24,54.4,59.2,36.7,88.3,109.7,81.6,94.2
NM_001163454.2,46.1,75.4,24.2,0.313,-1.7,0.52,-3.2,1.4e-03,1.0e+00,0.0344,24,76.5,86.9,62.7,23.1,44.8,15.9,12.9
NM_009656.4,1485.8,1770.6,1272.2,0.718,-0.5,0.15,-3.2,1.4e-03,1.0e+00,0.0344,24,2142.2,1492.9,1676.8,1206.2,1309.9,1319.5,1253.3
NM_009142.3,234.4,310.3,177.4,0.575,-0.8,0.25,-3.19,1.4e-03,1.0e+00,0.0346,24,384.5,278.4,268.1,171.4,134.4,217.4,186.6
NM_138747.2,330.6,426.2,259,0.61,-0.7,0.22,-3.19,1.4e-03,1.0e+00,0.0346,24,373.5,539.2,365.8,217.7,268.8,302.8,246.6
NR_125832.1,35.5,82.9,0,0.002,-8.8,2.77,-3.19,1.4e-03,1.0e+00,0.0346,24,177.1,0,71.7,0,0,0,0
NM_025559.2,625.3,783.9,506.4,0.646,-0.6,0.2,-3.19,1.4e-03,1.0e+00,0.0347,24,703.6,661.4,986.7,446.9,475.8,559,544
NM_001243047.1,103.6,146.9,71,0.483,-1,0.33,-3.19,1.4e-03,1.0e+00,0.0348,25,139.2,124.7,176.8,47.3,81.9,93.1,61.9
NM_023627.1,1047.2,817.3,1219.6,1.492,0.6,0.18,3.19,1.4e-03,1.0e+00,0.0348,25,1008.8,793.7,649.4,1085.3,1299.1,1250.7,1243.1
XM_006498187.2,445.6,571.9,350.9,0.615,-0.7,0.22,-3.19,1.4e-03,1.0e+00,0.035,25,567.1,548,600.5,338.6,324.4,467.9,272.5
NR_027888.1,180.4,254.8,124.6,0.489,-1,0.32,-3.19,1.4e-03,1.0e+00,0.0353,25,334.7,162.5,267.2,118.8,115.9,157.5,106.2
NM_001083904.1,135.1,206.3,81.6,0.395,-1.3,0.42,-3.18,1.5e-03,1.0e+00,0.0357,25,158.6,202.8,257.5,65.2,105,112.8,43.4
XR_004935339.1,25.4,11.5,35.9,3.08,1.6,0.51,3.18,1.5e-03,1.0e+00,0.0357,25,9.2,11.3,13.9,30.5,47.9,21.7,43.4
NM_001271962.2,212.1,312.9,136.4,0.437,-1.2,0.38,-3.18,1.5e-03,1.0e+00,0.0359,26,324.6,306.1,308,89.4,137.5,221.8,97
NM_198652.2,353.9,299.4,394.9,1.325,0.4,0.13,3.18,1.5e-03,1.0e+00,0.0361,26,280.3,335.1,282.7,430.1,373.8,387.6,387.9
XM_017314100.2,258.9,366.1,178.6,0.487,-1,0.33,-3.17,1.5e-03,1.0e+00,0.0364,26,439.9,272.1,386.2,136.7,213.2,235.9,128.4
NM_028064.3,33.4,16.8,45.8,2.754,1.5,0.46,3.17,1.5e-03,1.0e+00,0.0365,26,22.1,20.2,8.1,40,52.5,49.1,41.6
NM_031161.5,9.5,0.4,16.3,45.619,5.5,1.74,3.17,1.5e-03,1.0e+00,0.0365,26,0,1.3,0,5.3,46.3,7,6.5
NM_001083895.3,1032.4,1353.6,791.5,0.586,-0.8,0.24,-3.17,1.5e-03,1.0e+00,0.0368,26,1078,1579.8,1403,751.9,570,1006.5,837.7
NM_001290518.1,76.7,110.4,51.5,0.469,-1.1,0.35,-3.17,1.5e-03,1.0e+00,0.037,27,130,75.6,125.5,44.2,47.9,68.8,45.3
NM_001424565.1,4350.8,5022.2,3847.4,0.766,-0.4,0.12,-3.16,1.6e-03,1.0e+00,0.0373,27,5026.7,4807.4,5232.4,3266.3,3681,4297.1,4145
NM_001364480.1,99.2,69,121.9,1.79,0.8,0.27,3.16,1.6e-03,1.0e+00,0.0378,27,58.1,84.4,64.4,136.7,91.1,128.8,131.1
NM_001302377.1,175.4,113.6,221.7,1.944,1,0.3,3.16,1.6e-03,1.0e+00,0.038,27,148.5,74.3,118.1,213.5,219.3,270.9,182.9
NM_010664.2,516.5,286.4,689,2.407,1.3,0.4,3.16,1.6e-03,1.0e+00,0.038,27,438,241.9,179.2,918.1,432.5,626,779.5
NM_001425667.1,80,129.5,43,0.331,-1.6,0.51,-3.16,1.6e-03,1.0e+00,0.0381,28,158.6,110.9,119,20,64.9,59.3,27.7
NM_009144.2,2012.7,2914.5,1336.3,0.459,-1.1,0.36,-3.15,1.6e-03,1.0e+00,0.0383,28,4034.5,2132.8,2576.3,818.2,1388.7,1972.9,1165.6
NM_027402.4,264,429.9,139.5,0.325,-1.6,0.51,-3.15,1.6e-03,1.0e+00,0.0383,28,478.6,303.6,507.6,72.6,126.7,268.4,90.5
NM_011055.2,20.7,10.1,28.7,2.87,1.5,0.48,3.15,1.6e-03,1.0e+00,0.0385,28,8.3,11.3,10.6,25.2,24.7,24.2,40.6
XM_036152680.1,139.4,195.1,97.7,0.501,-1,0.32,-3.15,1.6e-03,1.0e+00,0.0386,28,217.6,127.2,240.4,75.7,94.2,112.8,108.1
NM_053200.2,12.4,20.8,6,0.278,-1.8,0.59,-3.15,1.6e-03,1.0e+00,0.0387,28,25.8,13.9,22.8,6.3,7.7,4.5,5.5
NM_001357246.1,385.4,295.3,453,1.54,0.6,0.2,3.15,1.6e-03,1.0e+00,0.039,29,232.4,357.8,295.8,468,389.3,455.8,498.7
NM_021704.3,2367.5,3352.9,1628.3,0.486,-1,0.33,-3.15,1.6e-03,1.0e+00,0.039,28,3859.3,2071.1,4128.4,1247.2,1422.7,2381.5,1462
XM_006498639.5,41.4,96.5,0,0.002,-9.1,2.88,-3.15,1.6e-03,1.0e+00,0.039,28,0,254.5,35,0,0,0,0
NM_016794.3,543.5,439.2,621.8,1.42,0.5,0.16,3.15,1.7e-03,1.0e+00,0.0391,29,444.5,515.3,357.7,619.4,628.7,663.6,575.4
NM_001291039.1,206.6,257.5,168.3,0.652,-0.6,0.2,-3.14,1.7e-03,1.0e+00,0.0392,29,311.7,209.1,251.8,159.8,173,179.8,160.7
NM_029415.3,157.8,241.8,94.8,0.392,-1.4,0.43,-3.14,1.7e-03,1.0e+00,0.0392,29,322.8,152.4,250.1,54.7,106.6,136.4,81.3
NM_001253877.1,19.4,0,33.9,187.367,7.5,2.4,3.14,1.7e-03,1.0e+00,0.0393,29,0,0,0,0,89.6,22.9,23.1
NM_001284520.1,222.7,337,136.9,0.409,-1.3,0.41,-3.14,1.7e-03,1.0e+00,0.0393,29,365.2,423.3,222.4,94.6,97.3,215.5,140.4
NM_011029.4,19680.7,17121.4,21600.2,1.262,0.3,0.11,3.14,1.7e-03,1.0e+00,0.0393,29,15804.1,18469.8,17090.4,22728.4,21210.4,19012.1,23449.7
XR_004934860.1,14.2,3.3,22.4,6.606,2.7,0.87,3.14,1.7e-03,1.0e+00,0.0393,29,7.4,0,2.4,29.4,20.1,23.6,16.6
NM_001416219.1,68.7,123.7,27.4,0.217,-2.2,0.7,-3.14,1.7e-03,1.0e+00,0.0394,29,120.8,118.4,132,12.6,54.1,7.6,35.1
NM_153560.5,115.8,149.2,90.7,0.607,-0.7,0.23,-3.14,1.7e-03,1.0e+00,0.0394,29,161.4,132.3,154,78.9,100.4,107.7,75.7
NR_175907.1,35,81.7,0,0.002,-8.8,2.81,-3.14,1.7e-03,1.0e+00,0.0397,29,107.9,137.3,0,0,0,0,0
NM_022409.2,10.1,19.4,3.1,0.165,-2.6,0.83,-3.14,1.7e-03,1.0e+00,0.0399,30,29.5,18.9,9.8,2.1,1.5,3.2,5.5
NM_172525.3,167.8,207.3,138.2,0.667,-0.6,0.19,-3.14,1.7e-03,1.0e+00,0.0399,30,202.9,194,224.9,157.7,129.8,149.8,115.4
NM_027225.2,47.5,10.1,75.5,7.564,2.9,0.93,3.13,1.7e-03,1.0e+00,0.04,30,0,18.9,11.4,82,75.7,61.2,83.1
XM_006531715.3,82.8,54.1,104.3,1.941,1,0.31,3.13,1.7e-03,1.0e+00,0.04,30,60.9,65.5,35.8,115.7,106.6,88,107.1
NM_001201391.1,58.9,5.9,98.6,16.67,4.1,1.3,3.13,1.7e-03,1.0e+00,0.0401,30,14.8,1.3,1.6,103.1,4.6,52.3,234.6
NM_011821.3,171.5,219.6,135.4,0.618,-0.7,0.22,-3.13,1.7e-03,1.0e+00,0.0401,30,187.2,202.8,268.9,120.9,132.8,158.7,129.3
NM_001105246.1,155.4,236.8,94.4,0.401,-1.3,0.42,-3.13,1.7e-03,1.0e+00,0.0403,30,216.7,186.4,307.2,74.7,49.4,124.9,128.4
NM_001081437.2,8311.7,10036.5,7018.1,0.699,-0.5,0.16,-3.13,1.8e-03,1.0e+00,0.0404,30,9758.4,12148.2,8203,6455.8,7420.8,7773.1,6422.6
NM_001163706.1,271.3,320.2,234.7,0.729,-0.5,0.15,-3.13,1.8e-03,1.0e+00,0.0406,30,343,272.1,345.5,222.9,245.6,234.6,235.5
NM_001102409.1,391.8,554.3,269.9,0.488,-1,0.33,-3.12,1.8e-03,1.0e+00,0.0409,31,617.9,522.8,522.3,211.4,242.5,430.9,194.9
NM_001411904.1,3108,2523.7,3546.2,1.406,0.5,0.16,3.12,1.8e-03,1.0e+00,0.0418,32,2265.8,2971.9,2333.5,4072.9,3010.6,3638.6,3462.5
NM_008230.6,318.5,155.1,441,2.844,1.5,0.48,3.12,1.8e-03,1.0e+00,0.0418,32,250.8,157.5,57,380.7,509.8,376.7,496.9
NM_177305.4,284.4,136.8,395.1,2.901,1.5,0.49,3.12,1.8e-03,1.0e+00,0.0418,31,65.5,252,92.9,399.6,305.9,394.6,480.3
NM_172604.3,1523.3,2074,1110.3,0.535,-0.9,0.29,-3.12,1.8e-03,1.0e+00,0.0419,32,2819.1,1514.3,1888.6,939.1,1228,1422.8,851.5
NM_172647.2,132.5,87.6,166.2,1.907,0.9,0.3,3.12,1.8e-03,1.0e+00,0.0419,32,115.3,92,55.4,167.2,152.9,175.9,169
NR_151646.1,597.3,705.7,516,0.732,-0.5,0.14,-3.11,1.8e-03,1.0e+00,0.0421,32,667.6,643.8,805.8,474.3,480.4,580.1,529.2
NM_001359278.1,33.9,18,45.8,2.587,1.4,0.44,3.11,1.9e-03,1.0e+00,0.0422,32,21.2,23.9,9,43.1,43.3,45.9,50.8
NM_008716.3,98.6,59.3,128.1,2.17,1.1,0.36,3.11,1.9e-03,1.0e+00,0.0428,33,36.9,80.6,60.3,146.2,131.3,93.7,141.3
NM_001008702.2,30.4,71,0,0.003,-8.6,2.77,-3.11,1.9e-03,1.0e+00,0.0432,33,122.6,0,90.4,0,0,0,0
NM_022417.3,2168.9,2832.8,1671,0.59,-0.8,0.25,-3.1,1.9e-03,1.0e+00,0.0434,33,3697.9,2140.4,2660.2,1391.3,2133.2,1645.9,1513.7
NM_001305875.1,216.8,274.2,173.8,0.638,-0.6,0.21,-3.1,1.9e-03,1.0e+00,0.0436,33,273,301.1,248.5,137.8,159.1,207.2,191.2
NM_016894.3,103.6,147.3,70.9,0.487,-1,0.33,-3.1,2.0e-03,1.0e+00,0.0442,34,137.4,153.7,150.7,58.9,52.5,108.4,63.7
NM_001081335.2,65.8,95.5,43.5,0.451,-1.1,0.37,-3.1,2.0e-03,1.0e+00,0.0444,34,115.3,71.8,99.4,27.3,60.2,41.4,45.3
NM_001081177.3,110.7,135.8,92,0.673,-0.6,0.19,-3.09,2.0e-03,1.0e+00,0.0447,34,146.6,122.2,138.5,82,102,92.4,91.4
NM_025289.3,938.1,835.1,1015.4,1.218,0.3,0.09,3.09,2.0e-03,1.0e+00,0.045,35,798.6,922.2,784.6,1027.4,1047.3,1007.8,979
NM_001142337.2,82.6,147.2,34.1,0.233,-2.1,0.68,-3.09,2.0e-03,1.0e+00,0.0453,35,158.6,76.8,206.1,20,32.4,70.1,13.9
NM_007537.2,133.9,160.4,114,0.715,-0.5,0.16,-3.09,2.0e-03,1.0e+00,0.0453,35,160.5,156.2,164.6,114.6,105,123.7,112.7
XM_030247909.2,32,74.7,0,0.002,-8.7,2.81,-3.09,2.0e-03,1.0e+00,0.0453,35,0,94.5,129.5,0,0,0,0
NM_027828.2,68.9,39.4,91,2.29,1.2,0.39,3.09,2.0e-03,1.0e+00,0.0454,35,59.9,26.5,31.8,77.8,112.8,89.2,84
NM_001357661.1,82.6,52.2,105.4,1.998,1,0.32,3.09,2.0e-03,1.0e+00,0.0455,35,68.2,37.8,50.5,116.7,126.7,96.9,81.3
NM_009378.3,470.6,676.9,315.8,0.468,-1.1,0.36,-3.09,2.0e-03,1.0e+00,0.0455,35,815.2,544.2,671.4,260.8,251.8,517,233.7
XM_006501345.4,32.2,75.1,0,0.002,-8.7,2.82,-3.08,2.0e-03,1.0e+00,0.0457,36,0,81.9,143.4,0,0,0,0
NM_001384176.1,357.2,306.6,395.2,1.291,0.4,0.12,3.08,2.1e-03,1.0e+00,0.0458,36,332,314.9,272.9,389.1,398.5,385,408.2
NM_018872.2,151.7,186.1,125.8,0.672,-0.6,0.19,-3.08,2.1e-03,1.0e+00,0.0458,36,173.4,204.1,180.9,120.9,152.9,116,113.6
NM_028906.3,226.5,265.5,197.2,0.742,-0.4,0.14,-3.08,2.1e-03,1.0e+00,0.0458,36,295.1,254.5,246.9,203,194.6,186.1,205
XM_030248313.2,65.9,38.9,86.2,2.226,1.2,0.37,3.08,2.1e-03,1.0e+00,0.0458,36,50.7,41.6,24.4,79.9,78.8,73.3,112.7
NM_001357539.1,99.2,130.4,75.8,0.587,-0.8,0.25,-3.08,2.1e-03,1.0e+00,0.0459,36,130,139.8,121.4,63.1,61.8,82.2,96.1
NM_031185.3,95.9,129.5,70.8,0.539,-0.9,0.29,-3.08,2.1e-03,1.0e+00,0.0459,36,107.9,118.4,162.1,67.3,92.7,59.3,63.7
NM_001301354.1,337.4,545.2,181.5,0.333,-1.6,0.52,-3.08,2.1e-03,1.0e+00,0.0461,36,512.7,357.8,765.1,356.5,120.5,124.3,124.7
NM_026767.4,532.5,616.6,469.3,0.762,-0.4,0.13,-3.08,2.1e-03,1.0e+00,0.0461,36,580,578.2,691.7,438.5,460.3,517.6,460.9
NM_001177890.1,197.6,274.7,139.8,0.509,-1,0.32,-3.07,2.1e-03,1.0e+00,0.0467,37,346.7,286,191.5,144.1,160.6,159.4,95.1
XM_006530602.4,34.4,80.4,0,0.002,-8.8,2.86,-3.07,2.1e-03,1.0e+00,0.0467,37,184.4,56.7,0,0,0,0,0
NR_002890.1,16323.3,10085.9,21001.3,2.082,1.1,0.34,3.07,2.1e-03,1.0e+00,0.0468,37,7377.3,15117.5,7763,23154.3,13034.3,26738.6,21077.9
NM_011498.4,1068.9,841.2,1239.8,1.476,0.6,0.18,3.07,2.1e-03,1.0e+00,0.0471,37,927.7,813.8,782.2,1314.5,956.2,1490.4,1197.9
NM_033612.2,88.6,57.6,111.9,1.932,0.9,0.31,3.07,2.1e-03,1.0e+00,0.0471,37,77.5,47.9,47.3,119.9,134.4,102,91.4
NM_025826.4,283.7,327.5,250.9,0.764,-0.4,0.13,-3.07,2.2e-03,1.0e+00,0.0472,37,344,303.6,334.9,251.3,264.1,262,226.3
NM_134065.4,135.6,194.4,91.5,0.474,-1.1,0.35,-3.07,2.2e-03,1.0e+00,0.0472,37,178,160,245.2,68.4,69.5,133.9,94.2
NM_008161.4,16552.9,21629.9,12745,0.589,-0.8,0.25,-3.07,2.2e-03,1.0e+00,0.0473,38,24243.7,19296.2,21349.9,11436.2,10122.5,18724.6,10696.9
NM_008793.2,13,5.6,18.6,3.267,1.7,0.56,3.07,2.2e-03,1.0e+00,0.0474,38,7.4,3.8,5.7,22.1,15.4,18.5,18.5
NR_027886.1,53.7,32.5,69.6,2.136,1.1,0.36,3.07,2.2e-03,1.0e+00,0.0475,38,38.7,32.8,26.1,73.6,71.1,47.8,85.9
XM_006507979.4,965.5,1322.7,697.5,0.528,-0.9,0.3,-3.06,2.2e-03,1.0e+00,0.0478,38,1142.6,1856.9,968.7,721.4,536,908.4,624.3
NM_001358778.1,356.3,548.9,211.8,0.386,-1.4,0.45,-3.06,2.2e-03,1.0e+00,0.0479,38,739.6,291,616,147.2,210.1,335.9,154.2
NM_001418516.1,1436.7,1310.7,1531.1,1.168,0.2,0.07,3.06,2.2e-03,1.0e+00,0.0479,38,1303,1305.1,1324,1592.1,1493.7,1431.7,1607
NR_188929.1,28.9,67.4,0,0.003,-8.5,2.79,-3.06,2.2e-03,1.0e+00,0.0479,38,79.3,0,123,0,0,0,0
XM_006532628.5,16,0,28,154.63,7.3,2.38,3.06,2.2e-03,1.0e+00,0.0479,38,0,0,0,0,44.8,15.3,51.7
XR_868220.3,48,30.6,60.9,1.982,1,0.32,3.06,2.2e-03,1.0e+00,0.0479,38,38.7,23.9,29.3,69.4,52.5,68.2,53.6
XM_011242422.4,450.4,554.2,372.6,0.674,-0.6,0.19,-3.06,2.2e-03,1.0e+00,0.048,39,558.8,575.7,528,320.7,376.9,470.4,322.3
NM_028803.4,53,32,68.8,2.154,1.1,0.36,3.06,2.2e-03,1.0e+00,0.0481,39,41.5,27.7,26.9,87.3,47.9,73.3,66.5
NM_029423.2,49.6,23,69.6,3.034,1.6,0.52,3.06,2.2e-03,1.0e+00,0.0484,39,29.5,29,10.6,70.5,92.7,41.4,73.9
NM_010351.1,17.9,30.7,8.3,0.277,-1.9,0.61,-3.06,2.3e-03,1.0e+00,0.0485,39,34.1,21.4,36.7,4.2,7.7,14,7.4
NM_011412.3,2877,3317.8,2546.4,0.767,-0.4,0.13,-3.05,2.3e-03,1.0e+00,0.0488,39,3435.1,3591.7,2926.6,2248.3,2857.7,2580.4,2499.2
NM_001164504.1,114,160.4,79.1,0.499,-1,0.33,-3.05,2.3e-03,1.0e+00,0.049,40,138.3,205.3,137.7,74.7,58.7,110.9,72
NM_011838.4,219.7,271.7,180.7,0.665,-0.6,0.19,-3.05,2.3e-03,1.0e+00,0.0491,40,284,272.1,259.1,140.9,202.4,207.8,171.8
NM_023200.3,32.1,74.8,0,0.002,-8.7,2.85,-3.05,2.3e-03,1.0e+00,0.0493,40,154,70.5,0,0,0,0,0
XM_036165469.1,18.3,0,31.9,176.438,7.5,2.45,3.05,2.3e-03,1.0e+00,0.0493,40,0,0,0,35.8,72.6,0,19.4
XM_017316511.1,18.2,29.2,9.9,0.331,-1.6,0.52,-3.05,2.3e-03,1.0e+00,0.0497,40,34.1,26.5,26.9,11.6,13.9,9.6,4.6
NM_001410335.1,96.9,220.7,4,0.019,-5.7,1.89,-3.04,2.3e-03,1.0e+00,0.0498,41,427.9,206.6,27.7,0,0,15.9,0
NM_001171035.1,20.1,0,35.1,194.56,7.6,2.5,3.04,2.3e-03,1.0e+00,0.0499,41,0,0,0,114.6,0,10.2,15.7
NM_007587.2,12.3,4.1,18.4,4.528,2.2,0.72,3.04,2.3e-03,1.0e+00,0.0499,41,3.7,6.3,2.4,15.8,29.3,12.1,16.6
NM_011614.3,546.9,690.5,439.2,0.636,-0.7,0.21,-3.04,2.3e-03,1.0e+00,0.0499,41,807.8,488.8,774.8,440.6,400.1,467.3,448.9
NM_001160316.1,311.1,487.3,179,0.368,-1.4,0.29,-4.94,7.9e-07,3.1e-02,1e-04,0,570.8,367.9,523.1,156.7,173,248.6,137.6
NM_001310682.1,284.8,209,341.6,1.645,0.7,0.14,5.02,5.3e-07,2.1e-02,1e-04,0,209.3,231.8,185.8,343.9,313.6,335.9,373.1
NM_001355279.1,98.2,152.3,57.7,0.384,-1.4,0.27,-5.06,4.2e-07,1.7e-02,1e-04,0,171.5,141.1,144.2,45.2,47.9,73.9,63.7
NM_001403685.1,71.4,36.9,97.3,2.669,1.4,0.29,4.95,7.4e-07,3.0e-02,1e-04,0,35,47.9,27.7,88.3,109.7,90.5,100.7
NM_001404283.1,780.7,1125.9,521.9,0.464,-1.1,0.22,-4.99,6.0e-07,2.4e-02,1e-04,0,1320.5,841.5,1215.6,428,492.8,617.1,549.5
NM_001410528.1,1611.6,2083.2,1257.8,0.605,-0.7,0.15,-4.94,7.8e-07,3.1e-02,1e-04,0,1843.4,2251.2,2155,1168.3,1118.4,1496.7,1247.8
NM_001417055.1,239.6,350.9,156.1,0.448,-1.2,0.23,-5.03,4.9e-07,1.9e-02,1e-04,0,320.9,415.7,316.1,135.7,146.7,201.4,140.4
NM_007409.3,394.6,663.9,192.7,0.291,-1.8,0.36,-4.93,8.1e-07,3.2e-02,1e-04,0,785.7,410.7,795.2,138.8,190,278.6,163.5
NM_008005.2,281.9,422.7,176.2,0.419,-1.3,0.25,-4.96,7.1e-07,2.8e-02,1e-04,0,429.7,458.6,379.7,132.5,177.6,239.7,155.2
NM_008481.3,450.3,724.9,244.3,0.337,-1.6,0.32,-4.91,9.3e-07,3.7e-02,1e-04,0,709.1,458.6,1007,217.7,213.2,313.6,232.7
NM_009701.4,84.5,36.3,120.6,3.366,1.8,0.36,4.89,1.0e-06,4.1e-02,1e-04,0,39.7,47.9,21.2,107.3,128.2,103.9,143.2
NM_010045.3,115.3,194.5,55.9,0.29,-1.8,0.36,-5,5.6e-07,2.2e-02,1e-04,0,169.7,175.1,238.7,40,47.9,84.8,50.8
NM_010195.2,80.3,28.5,119.2,4.161,2.1,0.42,4.96,7.2e-07,2.9e-02,1e-04,0,19.4,27.7,38.3,143,120.5,72.7,140.4
NM_011287.3,10343.5,8784.4,11512.9,1.311,0.4,0.08,4.88,1.0e-06,4.1e-02,1e-04,0,8833.4,8572.9,8946.9,11228,10763.5,11270.2,12789.7
NM_011400.4,482.5,282.4,632.5,2.245,1.2,0.23,4.98,6.3e-07,2.5e-02,1e-04,0,250.8,371.6,224.9,538.4,739.9,655.3,596.6
NM_021372.3,41.8,88.9,6.4,0.075,-3.7,0.74,-5.04,4.6e-07,1.8e-02,1e-04,0,69.2,137.3,60.3,8.4,0,7,10.2
NM_030708.2,21.4,50.1,0,0.004,-8.1,1.61,-5.04,4.7e-07,1.9e-02,1e-04,0,89.5,12.6,48.1,0,0,0,0
NM_053080.3,97.1,49.6,132.7,2.672,1.4,0.29,4.87,1.1e-06,4.5e-02,1e-04,0,43.3,59.2,46.4,135.7,159.1,95.6,140.4
NM_134164.5,68.7,34.9,94.1,2.716,1.4,0.29,4.93,8.2e-07,3.3e-02,1e-04,0,35,42.8,26.9,77.8,111.2,91.2,96.1
NM_212445.2,272.4,350,214.2,0.615,-0.7,0.14,-5.07,3.9e-07,1.6e-02,1e-04,0,381.8,327.5,340.6,227.1,186.9,225,218
NR_151694.1,52.7,22.6,75.3,3.304,1.7,0.34,5.04,4.7e-07,1.9e-02,1e-04,0,27.7,16.4,23.6,83.1,63.3,64.4,90.5
XM_006509494.4,16.1,0,28.1,156.244,7.3,1.43,5.08,3.7e-07,1.5e-02,1e-04,0,0,0,0,43.1,12.4,21,36
XM_017314230.2,380.9,579.9,231.6,0.4,-1.3,0.27,-4.92,8.6e-07,3.4e-02,1e-04,0,605.9,495.1,638.8,186.1,216.3,330.8,193
XM_036159386.1,21,0,36.7,201.766,7.7,1.51,5.08,3.7e-07,1.5e-02,1e-04,0,0,0,0,30.5,78.8,19.1,18.5
XM_036160224.1,348,235,432.7,1.846,0.9,0.18,5.03,5.0e-07,2.0e-02,1e-04,0,232.4,260.8,211.8,457.4,393.9,373.5,506.1
XM_036165794.1,855.4,1146.8,636.8,0.556,-0.8,0.17,-4.87,1.1e-06,4.5e-02,1e-04,0,1052.2,1393.3,994.8,572.1,670.4,714.6,590.2
NM_001024707.2,147.6,219.2,94,0.429,-1.2,0.26,-4.78,1.8e-06,7.0e-02,2e-04,0,269.3,204.1,184.1,91.5,102,109.6,73
NM_001033606.3,12.6,0,22,121.566,6.9,1.45,4.78,1.8e-06,7.0e-02,2e-04,0,0,0,0,38.9,21.6,14.7,12.9
NM_001276489.2,67.1,108.7,35.9,0.332,-1.6,0.33,-4.78,1.8e-06,7.0e-02,2e-04,0,140.2,85.7,100.2,28.4,35.5,45.3,34.2
NM_001291184.1,137.8,247.2,55.8,0.226,-2.1,0.45,-4.75,2.1e-06,8.2e-02,2e-04,0,182.6,205.3,353.6,40,64.9,84.1,34.2
NM_001293801.1,21.9,0,38.3,211.302,7.7,1.6,4.82,1.5e-06,5.8e-02,2e-04,0,0,0,0,81,44.8,15.3,12
NM_001359063.1,9.1,21.1,0,0.009,-6.9,1.45,-4.72,2.4e-06,9.4e-02,2e-04,0,19.4,27.7,16.3,0,0,0,0
NM_001417172.1,101.5,159.9,57.7,0.359,-1.5,0.31,-4.71,2.5e-06,9.9e-02,2e-04,0,147.5,144.9,187.4,40,74.1,69.5,47.1
NM_008699.2,245,380,143.7,0.379,-1.4,0.3,-4.73,2.2e-06,8.9e-02,2e-04,0,264.7,446,429.4,131.5,156,179.1,108.1
NM_009849.2,974.7,1585.1,517,0.326,-1.6,0.33,-4.84,1.3e-06,5.3e-02,2e-04,0,1720.8,1112.4,1922,351.2,514.4,770,432.2
NM_010882.3,394.4,547.2,279.8,0.512,-1,0.2,-4.71,2.5e-06,9.8e-02,2e-04,0,545.9,439.7,655.9,257.6,244.1,325.7,291.9
NM_010942.4,471.7,610.5,367.6,0.605,-0.7,0.15,-4.8,1.6e-06,6.2e-02,2e-04,0,657.5,585.8,588.3,344.9,321.3,436.7,367.6
NM_013468.3,41.5,12,63.7,5.393,2.4,0.51,4.74,2.2e-06,8.5e-02,2e-04,0,7.4,16.4,12.2,81,57.2,79.7,36.9
NM_013492.4,10961.3,4801.8,15580.9,3.245,1.7,0.35,4.79,1.6e-06,6.5e-02,2e-04,0,7556.2,4088,2761.2,15070.6,18644.7,11573.6,17034.5
NM_019477.3,128.6,0,225,1246.113,10.3,2.16,4.76,2.0e-06,7.8e-02,2e-04,0,0,0,0,288.1,0,355.1,256.8
NM_019521.2,3302.2,4698.4,2255.1,0.48,-1.1,0.22,-4.82,1.4e-06,5.6e-02,2e-04,0,6066,3293.1,4736.2,2028.6,2462.3,2244.5,2284.9
NM_020559.2,333.7,491.6,215.3,0.438,-1.2,0.25,-4.71,2.5e-06,9.9e-02,2e-04,0,548.7,381.7,544.3,181.9,236.3,270.3,172.7
NM_022029.2,41.7,11.9,64,5.374,2.4,0.51,4.73,2.2e-06,8.9e-02,2e-04,0,10.1,10.1,15.5,62,32.4,86.7,74.8
NM_026455.5,11584.8,8642.6,13791.5,1.596,0.7,0.14,4.74,2.1e-06,8.5e-02,2e-04,0,9830.3,8188.7,7908.9,11322.7,14483.2,14447.3,14913
NM_027342.2,826.2,504.4,1067.4,2.119,1.1,0.23,4.75,2.1e-06,8.2e-02,2e-04,0,438,675.2,400,1016.9,1252.8,1027.6,972.5
NM_033444.2,1991,1570.7,2306.3,1.471,0.6,0.12,4.76,2.0e-06,7.8e-02,2e-04,0,1522.5,1749.9,1439.7,2162.1,2142.5,2562.6,2357.9
NM_175643.3,3489.6,4842,2475.2,0.511,-1,0.2,-4.81,1.5e-06,5.8e-02,2e-04,0,5278.5,4649.9,4597.7,1945.5,2602.8,3221.1,2131.6
NM_177368.4,51.9,19.6,76.2,3.842,1.9,0.41,4.72,2.4e-06,9.5e-02,2e-04,0,22.1,18.9,17.9,54.7,109.7,58,82.2
NM_181277.4,995.8,1731.9,443.7,0.256,-2,0.41,-4.82,1.4e-06,5.7e-02,2e-04,0,1579.7,1287.5,2328.6,282.9,471.1,728,292.8
XM_006496784.2,38,16.9,53.9,3.185,1.7,0.35,4.76,1.9e-06,7.7e-02,2e-04,0,18.4,17.6,14.7,56.8,54.1,42.7,61.9
XM_006524892.5,152.6,258.5,73.2,0.283,-1.8,0.38,-4.75,2.0e-06,8.0e-02,2e-04,0,317.2,160,298.2,50.5,88,94.3,60
XM_017313308.3,14.1,32.9,0,0.006,-7.5,1.58,-4.74,2.1e-06,8.3e-02,2e-04,0,50.7,11.3,36.7,0,0,0,0
NM_001025192.3,273.5,91.7,409.9,4.472,2.2,0.46,4.67,3.0e-06,1.2e-01,3e-04,0,149.4,88.2,37.5,377.5,514.4,361.4,386.1
NM_009616.4,8.5,19.9,0,0.009,-6.8,1.45,-4.68,2.8e-06,1.1e-01,3e-04,0,19.4,23.9,16.3,0,0,0,0
NM_017407.3,17.3,0,30.3,168.096,7.4,1.57,4.7,2.6e-06,1.0e-01,3e-04,0,0,0,0,59.9,17,35.1,9.2
NM_019564.3,1827.9,2476.8,1341.2,0.542,-0.9,0.19,-4.64,3.4e-06,1.4e-01,3e-04,0,2856.9,1928.7,2644.7,1179.9,1195.6,1547.7,1441.7
NM_019755.5,1458.3,1125.6,1707.8,1.519,0.6,0.13,4.67,3.1e-06,1.2e-01,3e-04,0,1078,1128.8,1170,1774.1,1398,1854.4,1804.7
NM_028763.3,1318.1,1630,1084.2,0.666,-0.6,0.13,-4.68,2.8e-06,1.1e-01,3e-04,0,1767.8,1510.5,1611.6,966.4,1087.5,1243,1039.9
NR_002700.1,332.1,229,409.6,1.798,0.8,0.18,4.67,3.0e-06,1.2e-01,3e-04,0,206.6,270.9,209.4,462.7,364.6,440.5,370.4
NM_001113529.1,1220.4,1692.8,866.2,0.513,-1,0.21,-4.59,4.3e-06,1.7e-01,4e-04,0,1594.4,1976.6,1507.3,865.5,687.4,1117.5,794.3
NM_001162884.1,202.9,333.4,105,0.316,-1.7,0.36,-4.57,5.0e-06,2.0e-01,4e-04,0,287.7,243.1,469.3,85.2,77.2,144.7,112.7
NM_001278570.1,52.5,28.9,70.2,2.456,1.3,0.28,4.57,4.9e-06,2.0e-01,4e-04,0,26.7,31.5,28.5,63.1,64.9,83.5,69.3
NM_001290991.1,11.2,26.2,0,0.007,-7.2,1.55,-4.62,3.8e-06,1.5e-01,4e-04,0,19.4,15.1,44,0,0,0,0
NM_008942.3,502.5,393.9,583.9,1.49,0.6,0.13,4.6,4.3e-06,1.7e-01,4e-04,0,391.9,434.6,355.2,559.5,539.1,628.5,608.6
NM_011414.4,5646.6,2439.8,8051.7,3.301,1.7,0.38,4.59,4.4e-06,1.7e-01,4e-04,0,2968.5,3309.5,1041.3,7736.7,8034,7273.3,9162.8
NM_015740.3,1385.3,1714.2,1138.7,0.664,-0.6,0.13,-4.6,4.3e-06,1.7e-01,4e-04,0,1812.1,1524.3,1806.3,1049.5,1160.1,1295.9,1049.2
NM_025961.5,135.3,46.7,201.8,4.301,2.1,0.46,4.57,4.9e-06,1.9e-01,4e-04,0,80.2,29,31,230.3,188.5,145.3,242.9
NR_166893.1,45.8,7.9,74.2,9.523,3.3,0.71,4.58,4.7e-06,1.9e-01,4e-04,0,12.9,10.1,0.8,59.9,78.8,73.3,85
XM_006500096.5,19.2,44.7,0,0.004,-7.9,1.73,-4.6,4.2e-06,1.7e-01,4e-04,0,56.3,70.5,7.3,0,0,0,0
XM_006522275.2,479.2,597.5,390.4,0.654,-0.6,0.13,-4.62,3.9e-06,1.5e-01,4e-04,0,652,514,626.5,398.6,356.8,407.3,399
XM_011250170.3,573.3,725.6,459.1,0.632,-0.7,0.14,-4.62,3.8e-06,1.5e-01,4e-04,0,624.3,723.1,829.4,466.9,483.5,470.4,415.6
XM_017315875.3,36.2,65.7,14.2,0.222,-2.2,0.47,-4.62,3.8e-06,1.5e-01,4e-04,0,53.5,58,85.5,9.5,10.8,21.7,14.8
XR_003950845.2,12,0,21,115.501,6.9,1.48,4.61,3.9e-06,1.6e-01,4e-04,0,0,0,0,9.5,38.6,18.5,17.5
NM_001081171.2,95.9,35.4,141.3,3.976,2,0.44,4.52,6.2e-06,2.4e-01,5e-04,0,51.6,30.2,24.4,179.8,142.1,81.6,161.6
NM_001324533.2,7118.1,6220.5,7791.3,1.253,0.3,0.07,4.52,6.3e-06,2.5e-01,5e-04,0,5906.5,6038.2,6716.9,7882.9,7456.3,8112.2,7713.7
NM_001359465.1,139.7,63.4,197.1,3.115,1.6,0.36,4.55,5.4e-06,2.2e-01,5e-04,0,86.7,69.3,34.2,205.1,216.3,164.5,202.3
NM_007475.5,15575,13324.6,17262.8,1.296,0.4,0.08,4.56,5.2e-06,2.0e-01,5e-04,0,13716.3,12591.6,13665.9,17171.7,15601.6,18175.7,18102.1
NM_008380.2,1424.2,588,2051.3,3.493,1.8,0.4,4.54,5.7e-06,2.3e-01,5e-04,0,360.6,1004.1,399.2,1725.7,2195,2540.9,1743.7
NM_053083.3,151.6,231.7,91.6,0.399,-1.3,0.29,-4.52,6.1e-06,2.4e-01,5e-04,0,213.9,259.5,221.6,74.7,77.2,133.2,81.3
NM_001160262.1,209.2,133.9,265.8,1.997,1,0.22,4.48,7.4e-06,2.9e-01,6e-04,0,111.6,161.3,128.7,285,222.4,243.5,312.2
NM_001293728.1,66.5,28.1,95.2,3.399,1.8,0.39,4.47,7.8e-06,3.1e-01,6e-04,0,30.4,30.2,23.6,120.9,78.8,61.2,120.1
NM_001311108.1,68.3,95.1,48.2,0.51,-1,0.22,-4.5,6.9e-06,2.7e-01,6e-04,0,92.2,94.5,98.6,45.2,44.8,51,51.7
NM_008155.4,1718.9,1374.7,1977,1.44,0.5,0.12,4.49,7.2e-06,2.9e-01,6e-04,0,1367.6,1559.6,1196.9,2041.2,1913.9,1880.5,2072.5
NM_010736.5,1227.6,1356.1,1131.3,0.835,-0.3,0.06,-4.48,7.6e-06,3.0e-01,6e-04,0,1355.6,1345.5,1367.2,1131.5,1099.8,1118.1,1175.7
NM_025865.3,51.8,22.7,73.6,3.233,1.7,0.38,4.49,7.2e-06,2.9e-01,6e-04,0,34.1,17.6,16.3,76.8,66.4,68.8,82.2
XM_006516932.4,46.8,24.2,63.8,2.681,1.4,0.32,4.5,6.7e-06,2.7e-01,6e-04,0,23.1,31.5,17.9,62,69.5,59.9,63.7
NM_001347443.1,457.4,609.3,343.6,0.566,-0.8,0.18,-4.44,9.2e-06,3.6e-01,7e-04,0,577.3,606,644.5,294.5,302.8,435.4,341.7
NM_013494.4,93.3,37.4,135.3,3.627,1.9,0.42,4.44,8.9e-06,3.5e-01,7e-04,0,55.3,34,22.8,167.2,97.3,116,160.7
NM_001076789.2,78.8,0,138,764.224,9.6,2.17,4.41,1.0e-05,4.0e-01,8e-04,0,0,0,0,170.4,0,164.5,217
NM_001359425.1,148.8,234.4,84.6,0.359,-1.5,0.34,-4.41,1.0e-05,4.2e-01,8e-04,0,254.5,158.7,290.1,58.9,109.7,89.2,80.4
NM_001360211.1,165,120.2,198.6,1.661,0.7,0.17,4.42,1.0e-05,4.0e-01,8e-04,0,111.6,139.8,109.2,206.1,202.4,187.4,198.6
NM_007951.5,604,490,689.5,1.407,0.5,0.11,4.42,1.0e-05,4.0e-01,8e-04,0,466.6,495.1,508.4,657.3,681.2,645.7,774
NM_009146.4,260,178.7,321,1.789,0.8,0.19,4.42,9.9e-06,3.9e-01,8e-04,0,200.1,173.9,162.1,302.9,387.7,272.2,321.4
NM_011273.2,128.5,89.8,157.6,1.748,0.8,0.18,4.43,9.4e-06,3.7e-01,8e-04,0,91.3,89.4,88.8,139.9,168.4,147.3,174.6
NM_019952.6,201.7,138,249.4,1.817,0.9,0.2,4.41,1.0e-05,4.1e-01,8e-04,0,142.9,153.7,117.3,297.6,224,246.1,230
NM_029796.2,218.4,321.2,141.3,0.442,-1.2,0.27,-4.43,9.3e-06,3.7e-01,8e-04,0,285.9,325,352.8,99.9,128.2,187.4,149.6
XM_006521350.5,63.6,7.6,105.6,14.252,3.8,0.87,4.42,1.0e-05,4.0e-01,8e-04,0,10.1,12.6,0,94.6,78.8,137.1,111.8
XM_006526941.5,324.7,175.1,437,2.502,1.3,0.3,4.43,9.3e-06,3.7e-01,8e-04,0,225.9,190.2,109.2,380.7,381.5,485.1,500.6
NM_001357319.1,330,448.1,241.4,0.539,-0.9,0.2,-4.37,1.2e-05,4.9e-01,9e-04,0,502.6,424.6,417.2,180.9,275,273.5,236.4
NM_001368294.1,12.3,0,21.6,118.702,6.9,1.57,4.38,1.2e-05,4.7e-01,9e-04,0,0,0,0,10.5,37.1,8.3,30.5
NM_011606.2,1382,2536.8,516,0.203,-2.3,0.52,-4.39,1.1e-05,4.5e-01,9e-04,0,3150.1,962.5,3497.8,311.3,571.5,830,351
NM_016697.3,222.3,325.8,144.6,0.441,-1.2,0.27,-4.38,1.2e-05,4.7e-01,9e-04,0,304.3,240.6,432.6,139.9,171.5,141.5,125.6
NM_172845.3,1481.5,1805.4,1238.5,0.685,-0.5,0.12,-4.38,1.2e-05,4.7e-01,9e-04,0,1955.9,1826.7,1633.6,1086.3,1393.3,1213.7,1260.7
NM_207229.3,1578.4,2688,746.3,0.278,-1.8,0.42,-4.37,1.2e-05,4.9e-01,9e-04,0,2438.2,1833,3792.7,462.7,576.2,1291.5,654.8
XM_036152789.1,629.3,401.4,800.3,2,1,0.23,4.39,1.1e-05,4.4e-01,9e-04,0,338.4,517.8,347.9,867.6,631.8,906.5,795.2
